0.919,0.554,0.411,0.382,0.959,0.312,0.792,0.927,0.069,0.1,0.655,0.646,0.104,0.399,0.149,0.276,0.731,0.799,0.291,0.967,0.723,0.878,0.353,0.979,0.916,0.703,0.085,0.316,0.619,0.912,0.734,0.583,0.427,0.968,0.638,0.26,0.98,0.119,0.815,0.299,0.573,0.057,0.115,0.123,0.086,0.414,0.761,0.788,0.215,0.619,0.622,0.684,0.285,0.684,0.823,0.078,0.53,0.204,0.668,0.505,0.981,0.323,0.503,0.459,0.384,0.615,0.243,0.83,0.46,0.471,0.375,0.969,0.394,0.547,0.294,0.389,0.033,0.253,0.17,0.372,0.997,0.359,0.951,0.741,0.873,0.656,0.962,0.531,0.425,0.889,0.368,0.214,0.085,0.949,0.972,0.268,0.026,0.32,0.899,0.462,0.686,0.046,0.308,0.49,0.775,0.239,0.688,0.121,0.124,0.852,0.639,0.082,0.437,0.434,0.945,0.267,0.518,0.792,0.493,0.642,0.097,0.717,0.692,0.782,0.841,0.883,0.349,0.344
0.733,0.828,0.679,0.329,0.143,0.565,0.915,0.52,0.674,0.921,0.727,0.512,0.551,0.114,0.188,0.955,0.821,0.262,0.666,0.454,0.668,0.699,0.23,0.347,0.593,0.765,0.063,0.976,0.714,0.236,0.844,0.466,0.237,0.127,0.06,0.167,0.29,0.973,0.731,0.467,0.867,0.991,0.032,0.566,0.778,0.655,0.076,0.728,0.166,0.117,0.127,0.083,0.354,0.725,0.561,0.328,0.958,0.31,0.797,0.419,0.315,0.359,0.247,0.237,0.367,0.728,0.139,0.777,0.549,0.013,0.943,0.391,0.642,0.93,0.518,0.158,0.476,0.026,0.811,0.39,0.316,0.566,0.815,0.824,0.71,0.498,0.895,0.692,0.175,0.879,0.936,0.574,0.422,0.467,0.752,0.497,0.627,0.274,0.015,0.956,0.722,0.826,0.884,0.392,0.317,0.798,0.971,0.865,0.751,0.934,0.404,0.966,0.356,0.93,0.312,0.341,0.094,0.051,0.165,0.044,0.528,0.475,0.502,0.864,0.386,0.739,0.672,0.087
0.252,0.939,0.321,0.874,0.173,0.09,0.387,0.807,0.515,0.06,0.758,0.307,0.782,0.169,0.799,0.28,0.994,0.118,0.785,0.041,0.97,0.769,0.601,0.375,0.967,0.514,0.637,0.14,0.987,0.62,0.069,0.899,0.284,0.795,0.34,0.03,0.799,0.094,0.835,0.122,0.765,0.737,0.289,0.88,0.049,0.359,0.704,0.292,0.265,0.43,0.245,0.639,0.506,0.18,0.579,0.729,0.995,0.845,0.111,0.851,0.72,0.634,0.2,0.496,0.571,0.647,0.083,0.494,0.289,0.94,0.925,0.11,0.761,0.239,0.474,0.965,0.196,0.72,0.439,0.409,0.463,0.66,0.32,0.133,0.745,0.775,0.566,0.771,0.324,0.299,0.76,0.053,0.571,0.966,0.033,0.204,0.391,0.821,0.7,0.975,0.556,0.737,0.919,0.783,0.201,0.274,0.993,0.726,0.96,0.453,0.764,0.417,0.766,0.166,0.504,0.559,0.407,0.988,0.014,0.071,0.727,0.699,0.954,0.177,0.195,0.943,0.548,0.831
0.69,0.458,0.505,0.398,0.191,0.189,0.533,0.374,0.711,0.273,0.489,0.438,0.922,0.872,0.5,0.838,0.183,0.038,0.106,0.183,0.563,0.186,0.657,0.495,0.613,0.199,0.576,0.069,0.088,0.644,0.434,0.176,0.55,0.934,0.893,0.679,0.908,0.004,0.427,0.579,0.603,0.899,0.536,0.797,0.529,0.1,0.243,0.507,0.249,0.089,0.408,0.939,0.106,0.885,0.926,0.257,0.546,0.516,0.031,0.396,0.212,0.353,0.385,0.6,0.382,0.949,0.462,0.728,0.739,0.074,0.061,0.032,0.179,0.146,0.437,0.396,0.869,0.694,0.926,0.593,0.103,0.063,0.689,0.641,0.171,0.552,0.598,0.083,0.386,0.862,0.233,0.017,0.071,0.152,0.931,0.687,0.96,0.752,0.554,0.928,0.18,0.758,0.317,0.951,0.951,0.596,0.489,0.703,0.315,0.491,0.541,0.302,0.003,0.582,0.677,0.62,0.761,0.132,0.378,0.614,0.779,0.083,0.4,0.243,0.99,0.29,0.481,0.349
0.828,0.063,0.125,0.057,0.616,0.014,0.707,0.425,0.363,0.825,0.116,0.609,0.461,0.773,0.301,0.656,0.44,0.56,0.959,0.516,0.257,0.338,0.663,0.711,0.535,0.693,0.093,0.337,0.59,0.082,0.783,0.368,0.816,0.572,0.547,0.305,0.52,0.521,0.018,0.422,0.097,0.007,0.712,0.424,0.619,0.415,0.832,0.374,0.413,0.506,0.961,0.017,0.114,0.351,0.899,0.623,0.082,0.727,0.367,0.071,0.846,0.844,0.138,0.3,0.484,0.465,0.132,0.873,0.856,0.144,0.354,0.504,0.276,0.29,0.688,0.604,0.571,0.139,0.741,0.433,0.415,0.661,0.365,0.814,0.344,0.901,0.505,0.412,0.467,0.215,0.949,0.129,0.153,0.858,0.795,0.301,0.857,0.211,0.376,0.177,0.322,0.378,0.478,0.47,0.58,0.669,0.195,0.212,0.397,0.148,0.616,0.902,0.896,0.841,0.147,0.253,0.39,0.061,0.417,0.329,0.02,0.064,0.471,0.489,0.137,0.151,0.33,0.878
0.675,0.164,0.07,0.494,0.526,0.822,0.624,0.594,0.333,0.79,0.517,0.318,0.07,0.896,0.472,0.647,0.18,0.413,0.523,0.963,0.711,0.203,0.1,0.283,0.381,0.188,0.914,0.77,0.091,0.002,0.345,0.666,0.447,0.147,0.544,0.317,0.526,0.766,0.333,0.206,0.268,0.73,0.942,0.499,0.139,0.834,0.684,0.825,0.602,0.239,0.04,0.614,0.94,0.691,0.443,0.502,0.928,0.291,0.909,0.471,0.929,0.149,0.779,0.724,0.386,0.056,0.631,0.718,0.832,0.874,0.687,0.885,0.321,0.474,0.581,0.623,0.059,0.598,0.145,0.284,0.674,0.016,0.053,0.957,0.522,0.186,0.982,0.663,0.054,0.042,0.136,0.58,0.737,0.339,0.693,0.217,0.588,0.899,0.749,0.938,0.174,0.185,0.427,0.033,0.575,0.042,0.874,0.156,0.128,0.86,0.676,0.776,0.352,0.065,0.013,0.011,0.901,0.949,0.503,0.366,0.687,0.281,0.698,0.478,0.299,0.795,0.618,0.548
0.838,0.719,0.949,0.267,0.447,0.817,0.12,0.086,0.24,0.539,0.466,0.186,0.368,0.068,0.106,0.826,0.859,0.747,0.724,0.918,0.75,0.848,0.901,0.278,0.81,0.07,0.75,0.115,0.541,0.886,0.787,0.853,0.423,0.836,0.111,0.905,0.391,0.254,0.786,0.737,0.466,0.398,0.219,0.087,0.877,0.634,0.216,0.218,0.181,0.165,0.606,0.144,0.781,0.202,0.094,0.593,0.326,0.004,0.138,0.705,0.514,0.285,0.852,0.448,0.918,0.717,0.88,0.306,0.479,0.037,0.775,0.761,0.006,0.814,0.807,0.697,0.198,0.838,0.286,0.805,0.194,0.84,0.375,0.665,0.757,0.892,0.491,0.337,0.564,0.385,0.357,0.082,0.582,0.814,0.852,0.841,0.529,0.383,0.503,0.839,0.234,0.578,0.413,0.855,0.197,0.586,0.694,0.972,0.208,0.118,0.71,0.439,0.848,0.007,0.324,0.603,0.753,0.348,0.243,0.98,0.128,0.545,0.533,0.3,0.832,0.399,0.726,0.163
0.377,0.123,0.279,0.316,0.177,0.194,0.084,0.367,0.606,0.793,0.093,0.108,0.248,0.39,0.958,0.518,0.33,0.138,0.132,0.144,0.368,0.59,0.65,0.692,0.814,0.125,0.685,0.814,0.986,0.154,0.225,0.563,0.281,0.672,0.366,0.387,0.845,0.614,0.569,0.052,0.236,0.1,0.911,0.461,0.088,0.182,0.728,0.05,0.076,0.714,0.883,0.742,0.028,0.404,0.283,0.819,0.159,0.483,0.727,0.25,0.263,0.957,0.357,0.052,0.246,0.789,0.431,0.511,0.762,0.109,0.598,0.123,0.131,0.066,0.208,0.625,0.927,0.247,0.709,0.518,0.45,0.441,0.223,0.12,0.939,0.239,0.377,0.259,0.974,0.128,0.107,0.771,0.642,0.994,0.401,0.039,0.3,0.89,0.575,0.174,0.814,0.447,0.279,0.255,0.644,0.575,0.216,0.886,0.173,0.451,0.651,0.347,0.809,0.528,0.317,0.949,0.977,0.469,0.174,0.288,0.512,0.98,0.48,0.901,0.641,0.999,0.97,0.97
0.971,0.112,0.669,0.84,0.338,0.98,0.476,0.341,0.56,0.018,0.984,0.62,0.108,0.061,0.586,0.806,0.632,0.004,0.637,0.113,0.307,0.191,0.033,0.029,0.681,0.547,0.791,0.002,0.852,0.954,0.413,0.526,0.964,0.356,0.921,0.036,0.962,0.804,0.997,0.887,0.526,0.028,0.081,0.163,0.47,0.276,0.934,0.516,0.569,0.614,0.247,0.776,0.622,0.971,0.758,0.373,0.94,0.347,0.847,0.759,0.425,0.559,0.627,0.517,0.924,0.387,0.012,0.385,0.753,0.35,0.814,0.781,0.304,0.745,0.312,0.969,0.452,0.551,0.675,0.462,0.03,0.18,0.984,0.654,0.888,0.286,0.574,0.674,0.431,0.374,0.97,1.0,0.626,0.735,0.364,0.42,0.001,0.567,0.431,0.814,0.972,0.591,0.566,0.499,0.722,0.28,0.449,0.143,0.705,0.88,0.825,0.59,0.429,0.645,0.964,0.98,0.589,0.42,0.586,0.129,0.6,0.403,0.371,0.645,0.331,0.007,0.421,0.039
0.931,0.271,0.607,0.234,0.399,0.832,0.474,0.49,0.629,0.635,0.586,0.185,0.991,0.625,0.619,0.302,0.344,0.149,0.158,0.671,0.729,0.988,0.619,0.435,0.407,0.923,0.274,0.537,0.17,0.239,0.755,0.647,0.206,0.901,0.547,0.687,0.837,0.037,0.43,0.541,0.434,0.8,0.192,0.812,0.103,0.415,0.842,0.09,0.884,0.335,0.902,0.684,0.765,0.598,0.445,0.919,0.611,0.297,0.333,0.15,0.062,0.673,0.878,0.042,0.862,0.198,0.296,0.866,0.431,0.556,0.4,0.106,0.457,0.532,0.762,0.601,0.778,0.985,0.312,0.846,0.635,0.952,0.493,0.495,0.848,0.271,0.882,0.739,0.458,0.699,0.196,0.012,0.776,0.891,0.713,0.064,0.723,0.264,0.18,0.197,0.187,0.389,0.257,0.588,0.168,0.713,0.837,0.038,0.853,0.185,0.165,0.132,0.176,0.2,0.683,0.695,0.741,0.995,0.522,0.873,0.516,0.884,0.297,0.038,0.21,0.21,0.367,0.251
0.245,0.785,0.57,0.772,0.297,0.781,0.431,0.455,0.001,0.405,0.466,0.771,0.898,0.343,0.504,0.538,0.347,0.554,0.972,0.702,0.22,0.53,0.825,0.946,0.611,0.796,0.262,0.301,0.904,0.757,0.342,0.843,0.019,0.866,0.711,0.813,0.851,0.341,0.416,0.041,0.09,0.357,0.92,0.354,0.314,0.481,0.099,0.21,0.708,0.02,0.59,0.304,0.09,0.594,0.369,0.768,0.999,0.448,0.365,0.245,0.537,0.231,0.139,0.239,0.185,0.496,0.95,0.071,0.176,0.798,0.521,0.345,0.264,0.466,0.857,0.173,0.59,0.061,0.252,0.457,0.524,0.225,0.12,0.775,0.814,0.973,0.738,0.739,0.266,0.87,0.913,0.788,0.771,0.103,0.446,0.809,0.326,0.306,0.226,0.842,0.827,0.426,0.197,0.907,0.919,0.18,0.93,0.765,0.707,0.188,0.595,0.842,0.826,0.017,0.771,0.49,0.029,0.021,0.262,0.028,0.919,0.335,0.545,0.177,0.154,0.071,0.504,0.887
0.625,0.984,0.918,0.169,0.623,0.475,0.729,0.189,0.049,0.42,0.009,0.026,0.141,0.63,0.054,0.602,0.083,0.896,0.115,0.939,0.412,0.624,0.392,0.003,0.193,0.68,0.079,0.88,0.669,0.337,0.94,0.254,0.454,0.337,0.585,0.054,0.065,0.413,0.344,0.908,0.769,0.102,0.683,0.479,0.919,0.694,0.835,0.678,0.864,0.442,0.698,0.597,0.916,0.944,0.347,0.049,0.622,0.975,0.079,0.2,0.22,0.329,0.146,0.633,0.367,0.504,0.673,0.77,0.907,0.941,0.205,0.079,0.821,0.014,0.688,0.675,0.866,0.354,0.882,0.695,0.236,0.86,0.614,0.475,0.707,0.253,0.124,0.85,0.815,0.056,0.787,0.9,0.922,0.713,0.169,0.764,0.29,0.98,0.238,0.771,0.487,0.953,0.12,0.005,0.15,0.431,0.152,0.653,0.111,0.53,0.729,0.201,0.066,0.732,0.059,0.29,0.072,0.826,0.188,0.555,0.934,0.418,0.957,0.009,0.796,0.735,0.847,0.159
0.955,0.923,0.664,0.979,0.513,0.103,0.773,0.667,0.561,0.84,0.582,0.759,0.603,0.097,0.478,0.967,0.964,0.092,0.153,0.349,0.328,0.424,0.588,0.502,0.588,0.858,0.318,0.957,0.082,0.33,0.15,0.644,0.331,0.773,0.211,0.731,0.965,0.644,0.616,0.799,0.497,0.323,0.598,0.085,0.891,0.628,0.408,0.693,0.912,0.205,0.388,0.656,0.54,0.867,0.239,0.639,0.823,0.954,0.827,0.479,0.358,0.789,0.691,0.586,0.298,0.883,0.506,0.306,0.074,0.345,0.026,0.934,0.553,0.715,0.106,0.552,0.89,0.202,0.653,0.747,0.798,0.67,0.084,0.135,0.796,0.777,0.384,0.003,0.297,0.679,0.896,0.076,0.411,0.821,0.018,0.404,0.109,0.783,0.904,0.854,0.369,0.498,0.843,0.664,0.551,0.153,0.368,0.575,0.327,0.911,0.389,0.905,0.91,0.414,0.933,0.643,0.991,0.865,0.795,0.305,0.771,0.963,0.349,0.227,0.784,0.363,0.005,0.195
0.985,0.95,0.168,0.831,0.419,0.208,0.481,0.956,0.943,0.598,0.616,0.939,0.432,0.704,0.332,0.922,0.536,0.782,0.687,0.675,0.669,0.218,0.861,0.681,0.892,0.717,0.88,0.095,0.835,0.423,0.801,0.692,0.177,0.602,0.453,0.012,0.323,0.334,0.708,0.214,0.099,0.801,0.674,0.794,0.453,0.888,0.573,0.657,0.398,0.601,0.96,0.358,0.398,0.921,0.631,0.725,0.707,0.287,0.275,0.883,0.469,0.04,0.062,0.781,0.779,0.014,0.998,0.033,0.019,0.301,0.751,0.231,0.623,0.26,0.893,0.023,0.43,0.43,0.104,0.833,0.122,0.812,0.353,0.171,0.132,0.439,0.944,0.76,0.101,0.037,0.799,0.842,0.014,0.762,0.444,0.599,0.519,0.954,0.764,0.581,0.663,0.128,0.608,0.929,0.063,0.502,0.73,0.166,0.232,0.406,0.175,0.123,0.058,0.043,0.266,0.726,0.754,0.009,0.116,0.91,0.144,0.974,0.682,0.924,0.856,0.003,0.395,0.493
0.031,0.054,0.412,0.999,0.394,0.262,0.164,0.561,0.88,0.575,0.222,0.624,0.421,0.966,0.939,0.025,0.296,0.504,0.877,0.484,0.505,0.305,0.637,0.467,0.518,0.708,0.981,0.96,0.974,0.333,0.974,0.306,0.768,0.513,0.894,0.233,0.517,0.467,0.629,0.901,0.919,0.295,0.301,0.152,0.487,0.791,0.82,0.911,0.533,0.784,0.09,0.327,0.11,0.372,0.08,0.462,0.429,0.061,0.431,0.978,0.766,0.692,0.784,0.938,0.431,0.292,0.306,0.306,0.278,0.046,0.781,0.976,0.692,0.789,0.694,0.589,0.194,0.695,0.65,0.124,0.979,0.025,0.496,0.782,0.048,0.215,0.358,0.201,0.556,0.688,0.693,0.886,0.285,0.273,0.086,0.918,0.208,0.304,0.882,0.959,0.47,0.82,0.95,0.801,0.719,0.024,0.175,0.256,0.511,0.271,0.201,0.018,0.671,0.657,0.708,0.994,0.865,0.383,0.339,0.772,0.454,0.073,0.454,0.524,0.077,0.187,0.969,0.267
0.695,0.847,0.503,0.622,0.336,0.923,0.27,0.191,0.966,0.632,0.332,0.897,0.108,0.644,0.366,0.906,0.196,0.945,0.415,0.142,0.679,0.302,0.761,0.917,0.888,0.227,0.3,0.356,0.247,0.508,0.434,0.35,0.197,0.59,0.918,0.588,0.969,0.962,0.314,0.403,0.549,0.195,0.399,0.098,0.98,0.877,0.123,0.946,0.558,0.166,0.898,0.348,0.805,0.518,0.051,0.355,0.463,0.074,0.242,0.016,0.569,0.257,0.793,0.124,0.195,0.697,0.892,0.937,0.592,0.277,0.478,0.331,0.389,0.662,0.224,0.572,0.078,0.549,0.649,0.541,0.004,0.41,0.152,0.641,0.639,0.244,0.298,0.013,0.13,0.412,0.758,0.57,0.973,0.156,0.051,0.226,0.303,0.263,0.019,0.513,0.476,0.262,0.643,0.778,0.305,0.285,0.233,0.605,0.101,0.794,0.177,0.639,0.118,0.514,0.097,0.058,0.591,0.127,0.504,0.254,0.058,0.418,0.265,0.322,0.578,0.697,0.431,0.211
0.448,0.11,0.047,0.47,0.662,0.864,0.041,0.003,0.631,0.492,0.607,0.947,0.901,0.394,0.392,0.139,0.391,0.775,0.745,0.162,0.835,0.666,0.573,0.603,0.123,0.045,0.757,0.917,0.619,0.215,0.409,0.308,0.442,0.369,0.839,0.688,0.411,0.971,0.409,0.975,0.426,0.576,0.771,0.092,0.19,0.623,0.231,0.284,0.061,0.496,0.301,0.553,0.152,0.791,0.584,0.107,0.829,0.269,0.248,0.818,0.369,0.478,0.904,0.767,0.384,0.939,0.186,0.885,0.81,0.652,0.511,0.441,0.23,0.122,0.981,0.651,0.166,0.265,0.322,0.965,0.028,0.76,0.599,0.739,0.496,0.937,0.834,0.293,0.313,0.437,0.874,0.078,0.631,0.103,0.642,0.537,0.591,0.244,0.932,0.202,0.559,0.383,0.52,0.444,0.651,0.36,0.258,0.342,0.727,0.621,0.74,0.276,0.692,0.453,0.479,0.724,0.523,0.567,0.899,0.732,0.038,0.762,0.971,0.902,0.714,0.377,0.132,0.293
0.358,0.996,0.462,0.316,0.938,0.938,0.402,0.854,0.862,0.141,0.498,0.394,0.554,0.691,0.357,0.726,0.727,0.218,0.942,0.193,0.966,0.734,0.729,0.933,0.337,0.968,0.24,0.393,0.844,0.751,0.789,0.128,0.175,0.86,0.886,0.981,0.235,0.305,0.191,0.483,0.093,0.869,0.816,0.191,0.556,0.213,0.85,0.402,0.235,0.554,0.419,0.533,0.366,0.459,0.267,0.831,0.68,0.006,0.297,0.333,0.489,0.522,0.564,0.19,0.905,0.322,0.519,0.998,0.417,0.187,0.822,0.82,0.388,0.317,0.478,0.743,0.166,0.208,0.851,0.709,0.855,0.329,0.474,0.343,0.725,0.745,0.41,0.571,0.975,0.213,0.193,0.786,0.918,0.272,0.731,0.163,0.632,0.757,0.898,0.451,0.93,0.648,0.248,0.273,0.406,0.093,0.833,0.836,0.438,0.652,0.838,0.814,0.876,0.355,0.956,0.866,0.292,0.521,0.488,0.796,0.232,0.809,0.048,0.757,0.896,0.338,0.017,0.521
0.302,0.986,0.753,0.039,0.507,0.368,0.041,0.851,0.339,0.162,1.0,0.208,0.93,0.724,0.141,0.282,0.151,0.585,0.281,0.895,0.044,0.273,0.121,0.076,0.332,0.816,0.785,0.768,0.635,0.602,0.882,0.411,0.694,0.305,0.865,0.12,0.575,0.788,0.925,0.742,0.922,0.261,0.211,0.759,0.816,0.104,0.825,0.425,0.517,0.773,0.342,0.926,0.06,0.227,0.696,0.1,0.421,0.951,0.884,0.847,0.428,0.794,0.031,0.031,0.961,0.152,0.587,0.899,0.941,0.793,0.357,0.808,0.904,0.49,0.419,0.678,0.814,0.563,0.11,0.538,0.751,0.761,0.723,0.506,0.181,0.756,0.356,0.943,0.863,0.64,0.386,0.372,0.426,0.85,0.44,0.925,0.031,0.343,0.215,0.07,0.376,0.538,0.343,0.347,0.815,0.511,0.058,0.551,0.181,0.674,0.8,0.341,0.735,0.508,0.333,0.539,0.011,0.939,0.044,0.649,0.96,0.5,0.254,0.244,0.375,0.852,0.997,0.666
0.545,0.964,0.698,0.124,0.647,0.795,0.858,0.958,0.172,0.89,0.932,0.083,0.664,0.949,0.745,0.408,0.537,0.384,0.276,0.656,0.716,0.477,0.826,0.404,0.742,0.988,0.796,0.564,0.246,0.266,0.86,0.607,0.506,0.339,0.717,0.359,0.228,0.987,0.327,0.475,0.293,0.166,0.44,0.846,0.459,0.09,0.807,0.453,0.656,0.146,0.64,0.868,0.773,0.066,0.41,0.258,0.221,0.151,0.228,0.828,0.561,0.343,0.69,0.968,0.955,0.651,0.928,0.982,0.096,0.4,0.042,0.306,0.654,0.033,0.526,0.034,0.833,0.604,0.174,0.795,0.671,0.558,0.72,0.19,0.21,0.003,0.258,0.957,0.388,0.987,0.442,0.071,0.114,0.794,0.701,0.677,0.61,0.469,0.306,0.452,0.891,0.776,0.257,0.524,0.814,0.143,0.651,0.208,0.601,0.752,0.27,0.935,0.928,0.197,0.442,0.116,0.921,0.796,0.722,0.513,0.272,0.52,0.347,0.745,0.514,0.036,0.654,0.107
0.911,0.967,0.292,0.048,0.602,0.005,0.17,0.463,0.11,0.841,0.555,0.329,0.444,0.8,0.701,0.728,0.861,0.24,0.541,0.214,0.774,0.846,0.614,0.596,0.165,0.19,0.523,0.737,0.33,0.111,0.274,0.711,0.578,0.916,0.617,0.855,0.519,0.028,0.181,0.541,0.417,0.069,0.712,0.741,0.399,0.794,0.6,0.222,0.276,0.857,0.85,0.301,0.861,0.598,0.503,0.997,0.374,0.062,0.759,0.309,0.705,0.386,0.197,0.744,0.727,0.437,0.932,0.688,0.701,0.412,0.459,0.103,0.828,0.623,0.057,0.772,0.133,0.567,0.599,0.973,0.599,0.285,0.654,0.748,0.061,0.609,0.675,0.669,0.135,0.935,0.451,0.537,0.246,0.834,0.696,0.775,0.72,0.8,0.415,0.856,0.462,0.992,0.786,0.445,0.254,0.218,0.819,0.329,0.495,0.114,0.66,0.063,0.544,0.966,0.242,0.091,0.132,0.226,0.649,0.207,0.8,0.758,0.327,0.596,0.161,0.807,0.269,0.794
0.092,0.327,0.768,0.405,0.426,0.748,0.067,0.053,0.891,0.34,0.498,0.982,0.204,0.187,0.811,0.27,0.818,0.521,0.215,0.688,0.045,0.547,0.552,0.826,0.296,0.483,0.854,0.386,0.66,0.276,0.375,0.64,0.662,0.366,0.525,0.811,0.548,0.718,0.176,0.122,0.517,0.14,0.471,0.942,0.522,0.164,0.533,0.549,0.037,0.697,0.239,0.169,0.235,0.932,0.907,0.908,0.117,0.828,0.724,0.646,0.889,0.436,0.514,0.356,0.389,0.795,0.05,0.788,0.928,0.223,0.869,0.079,0.567,0.811,0.7,0.042,0.125,0.828,0.822,0.07,0.289,0.308,0.695,0.303,0.629,0.222,0.131,0.291,0.159,0.458,0.365,0.22,0.937,0.922,0.029,0.772,0.228,0.848,0.443,0.74,0.156,0.433,0.97,0.435,0.275,0.209,0.825,0.47,0.489,0.488,0.963,0.374,0.566,0.777,0.595,0.007,0.771,0.044,0.413,0.354,0.984,0.581,0.524,0.537,0.278,0.842,0.223,0.014
0.287,0.254,0.225,0.242,0.984,0.505,0.212,0.459,0.395,0.365,0.215,0.007,0.514,0.267,0.919,0.909,0.264,0.838,0.569,0.079,0.713,0.153,0.039,0.243,0.687,0.608,0.685,0.834,0.173,0.41,0.973,0.797,0.737,0.709,0.439,0.962,0.139,0.604,0.415,0.506,0.482,0.46,0.117,0.868,0.161,0.724,0.14,0.565,0.213,0.702,0.87,0.421,0.861,0.684,0.132,0.285,0.684,0.061,0.453,0.324,0.374,0.252,0.421,0.005,0.137,0.528,0.227,0.393,0.383,0.458,0.853,0.353,0.263,0.377,0.205,0.064,0.916,0.104,0.426,0.771,0.981,0.169,0.112,0.019,0.736,0.146,0.198,0.757,0.981,0.737,0.702,0.187,0.151,0.515,0.834,0.92,0.031,0.242,0.607,0.925,0.523,0.158,0.484,0.17,0.544,0.568,0.522,0.128,0.248,0.794,0.923,0.556,0.479,0.368,0.563,0.534,0.905,0.924,0.518,0.825,0.851,0.478,0.066,0.252,0.263,0.093,0.653,0.525
0.131,0.852,0.37,0.729,0.299,0.906,0.057,0.474,0.163,0.617,0.965,0.154,0.29,0.327,0.027,0.679,0.001,0.21,0.777,0.456,0.438,0.985,0.121,0.505,0.817,0.608,0.812,0.622,0.159,0.526,0.036,0.779,0.302,0.784,0.122,0.715,0.84,0.626,0.684,0.088,0.697,0.66,0.911,0.957,0.05,0.284,0.194,0.65,0.021,0.613,0.216,0.277,0.819,0.628,0.656,0.81,0.076,0.093,0.432,0.043,0.262,0.135,0.703,0.258,0.132,0.615,0.948,0.64,0.265,0.678,0.585,0.379,0.525,0.196,0.965,0.096,0.306,0.855,0.27,0.082,0.004,0.107,0.827,0.424,0.729,0.071,0.502,0.22,0.306,0.843,0.489,0.595,0.534,0.357,0.518,0.352,0.959,0.853,0.863,0.243,0.608,0.534,0.409,0.484,0.452,0.339,0.971,0.562,0.971,0.59,0.119,0.617,0.123,0.261,0.23,0.977,0.536,0.225,0.17,0.396,0.658,0.689,0.139,0.78,0.228,0.345,0.272,0.607
0.193,0.97,0.091,0.567,0.721,0.526,0.054,0.445,0.701,0.303,0.496,0.799,0.959,0.594,0.925,0.956,0.528,0.204,0.292,0.321,0.222,0.988,0.845,0.168,0.87,0.733,0.294,0.051,0.122,0.481,0.654,0.777,0.658,0.14,0.812,0.073,0.903,0.226,0.704,0.9,0.082,0.272,0.454,0.601,0.462,0.376,0.305,0.306,0.623,0.75,0.855,0.81,0.151,0.278,0.746,0.292,0.574,0.829,0.625,0.55,0.588,0.328,0.002,0.844,0.971,0.368,0.442,0.338,0.762,0.654,0.917,0.139,0.85,0.949,0.716,0.698,0.99,0.516,0.494,0.242,0.113,0.027,0.323,0.798,0.45,0.529,0.541,0.014,0.64,0.542,0.402,0.078,0.139,0.731,0.457,0.532,0.727,0.534,0.759,0.113,0.71,0.567,0.225,0.32,0.792,0.61,0.961,0.477,0.296,0.919,0.628,0.681,0.248,0.298,0.409,0.739,0.46,0.398,0.214,0.023,0.448,0.574,0.479,0.473,0.291,0.934,0.608,0.306
0.801,0.698,0.68,0.522,0.399,0.517,0.435,0.921,0.979,0.837,0.353,0.349,0.551,0.058,0.736,0.905,0.016,0.916,0.018,0.371,0.314,0.752,0.344,0.748,0.646,0.197,0.033,0.101,0.864,0.391,0.958,0.569,0.079,0.219,0.862,0.844,0.651,0.432,0.462,0.117,0.914,0.76,0.223,0.956,0.27,0.941,0.867,0.023,0.001,0.258,0.347,0.533,0.341,0.824,0.653,0.673,0.572,0.416,0.261,0.331,0.939,0.731,0.516,0.572,0.735,0.428,0.577,0.143,0.378,0.298,0.996,0.72,0.477,0.631,0.921,0.57,0.802,0.043,0.252,0.013,0.502,0.25,0.587,0.044,0.39,0.908,0.206,0.311,0.434,0.165,0.388,0.705,0.023,0.012,0.338,0.732,0.442,0.363,0.375,0.341,0.047,0.686,0.22,0.631,0.065,0.582,0.023,0.158,0.427,0.267,0.65,0.691,0.372,0.874,0.161,0.487,0.452,0.048,0.53,0.402,0.645,0.945,0.792,0.745,0.593,0.414,0.714,0.594
0.154,0.692,0.265,0.664,0.246,0.402,0.4,0.899,0.153,0.955,0.008,0.476,0.915,0.777,0.212,0.689,0.781,0.459,0.356,0.925,0.936,0.153,0.2,0.523,0.188,0.054,0.416,0.233,0.218,0.996,0.995,0.063,0.357,0.823,0.539,0.018,0.879,0.245,0.472,0.408,0.9,0.866,0.367,0.544,0.334,0.09,0.733,0.669,0.724,0.902,0.309,0.643,0.995,0.499,0.888,0.691,0.113,0.182,0.798,0.384,0.663,0.131,0.852,0.63,0.867,0.183,0.484,0.805,0.318,0.051,0.644,0.31,0.672,0.614,0.24,0.189,0.66,0.457,0.07,0.425,0.843,0.87,0.097,0.858,0.288,0.48,0.899,0.246,0.006,0.158,0.34,0.37,0.76,0.994,0.564,0.884,0.379,0.503,0.772,0.919,0.241,0.579,0.684,0.942,0.034,0.852,0.016,0.243,0.524,0.986,0.0,0.056,0.988,0.065,0.042,0.422,0.871,0.101,0.215,0.65,0.99,0.131,0.896,0.303,0.329,0.207,0.827,0.422
0.163,0.929,0.482,0.78,0.339,0.361,0.167,0.59,0.986,0.28,0.211,0.388,0.852,0.262,0.305,0.358,0.01,0.58,0.336,0.867,0.891,0.317,0.765,0.419,0.681,0.907,0.333,0.825,0.889,0.816,0.004,0.382,0.676,0.933,0.209,0.664,0.173,0.815,0.068,0.474,0.866,0.864,0.222,0.483,0.005,0.177,0.755,0.044,0.536,0.04,0.248,0.284,0.063,0.797,0.785,0.414,0.327,0.28,0.523,0.116,0.515,0.111,0.573,0.812,0.394,0.945,0.508,0.155,0.986,0.874,0.958,0.842,0.125,0.217,0.405,0.358,0.523,0.807,0.971,0.532,0.892,0.329,0.023,0.14,0.653,0.782,0.761,0.058,0.446,0.038,0.637,0.004,0.17,0.678,0.163,0.564,0.369,0.266,0.796,0.539,0.157,0.202,0.432,0.72,0.646,0.049,0.85,0.79,0.725,0.849,0.39,0.881,0.207,0.603,0.127,0.724,0.213,0.361,0.571,0.222,0.546,0.161,0.867,0.119,0.806,0.335,0.21,0.699
0.645,0.142,0.301,0.652,0.773,0.797,0.897,0.47,0.79,0.022,0.634,0.041,0.452,0.305,0.313,0.885,0.488,0.504,0.732,0.652,0.108,0.516,0.424,0.013,0.761,0.779,0.14,0.578,0.183,0.671,0.486,0.572,0.357,0.53,0.673,0.798,0.76,0.241,0.215,0.108,0.117,0.83,0.355,0.333,0.85,0.109,0.438,0.398,0.136,0.547,0.676,0.716,0.855,0.934,0.703,0.553,0.177,0.217,0.877,0.724,0.934,0.988,0.589,0.834,0.132,0.989,0.515,0.39,0.542,0.994,0.751,0.545,0.037,0.959,0.359,0.231,0.042,0.43,0.974,0.066,0.08,0.428,0.195,0.259,0.739,0.42,0.872,0.255,0.297,0.038,0.624,0.774,0.522,0.916,0.175,0.807,0.654,0.376,0.071,0.006,0.887,0.872,0.151,0.726,0.691,0.618,0.993,0.398,0.438,0.729,0.547,0.529,0.072,0.648,0.889,0.752,0.155,0.216,0.348,0.407,0.483,0.331,0.178,0.391,0.144,0.473,0.31,0.92
0.22,0.969,0.528,0.489,0.265,0.437,0.078,0.061,0.229,0.164,0.592,0.974,0.714,0.791,0.573,0.961,0.737,0.596,0.991,0.676,0.577,0.508,0.964,0.29,0.069,0.775,0.54,0.376,0.736,0.067,0.286,0.9,0.026,0.146,0.237,0.188,0.727,0.607,0.894,0.973,0.975,0.399,0.687,0.686,0.676,0.329,0.084,0.886,0.568,0.416,0.226,0.979,0.537,0.015,0.803,0.376,0.136,0.118,0.941,0.549,0.86,0.262,0.482,0.551,0.536,0.841,0.211,0.95,0.65,0.463,0.975,0.332,0.064,0.385,0.175,0.047,0.76,0.393,0.408,0.516,0.154,0.846,0.538,0.848,0.741,0.873,0.792,0.094,0.34,0.132,0.083,0.841,0.153,0.837,0.348,0.582,0.904,0.961,0.358,0.515,0.639,0.557,0.64,0.118,0.877,0.705,0.04,0.062,0.711,0.214,0.391,0.845,0.547,0.367,0.033,0.004,0.403,0.913,0.999,0.402,0.525,0.997,0.98,0.856,0.431,0.259,0.547,0.321
0.234,0.63,0.114,0.926,0.416,0.302,0.762,0.212,0.198,0.078,0.301,0.336,0.616,0.02,0.421,0.239,0.412,0.989,0.229,0.851,0.171,0.841,0.422,0.847,0.616,0.414,0.039,0.973,0.596,0.559,0.861,0.007,0.247,0.574,0.508,0.756,0.99,0.378,0.373,0.94,0.466,0.586,0.384,0.402,0.886,0.792,0.301,0.765,0.568,0.836,0.011,0.678,0.265,0.593,0.55,0.244,0.533,0.043,0.872,0.299,0.466,0.697,0.351,0.954,0.255,0.918,0.058,0.469,0.548,0.072,0.213,0.109,0.002,0.929,0.894,0.39,0.268,0.146,0.717,0.55,0.898,0.992,0.458,0.468,0.723,0.143,0.437,0.44,0.03,0.971,0.353,0.211,0.073,0.802,0.697,0.479,0.528,0.828,0.763,0.114,0.247,0.362,0.545,0.617,0.077,0.196,0.947,0.713,0.486,0.139,0.145,0.38,0.522,0.691,0.122,0.605,0.6,0.461,0.049,0.512,0.527,0.976,0.492,0.114,0.32,0.425,0.999,0.982
0.883,0.408,0.222,0.181,0.235,0.926,0.69,0.867,0.155,0.818,0.262,0.599,0.006,0.312,0.797,0.224,0.429,0.507,0.522,0.108,0.808,0.24,0.925,0.395,0.46,0.516,0.181,0.864,0.553,0.342,0.735,0.894,0.65,0.793,0.633,0.623,0.232,0.794,0.786,0.25,0.629,0.46,0.445,0.691,0.702,0.882,0.742,0.816,0.351,0.47,0.796,0.351,0.986,0.657,0.673,0.747,0.047,0.365,0.291,0.739,0.19,0.506,0.841,0.666,0.965,0.572,0.93,0.838,0.683,0.834,0.829,0.839,0.277,0.224,0.647,0.469,0.466,0.691,0.725,0.204,0.332,0.686,0.744,0.622,0.642,0.001,0.859,0.284,0.57,0.741,0.779,0.781,0.863,0.151,0.328,0.32,0.362,0.804,0.387,0.687,0.908,0.162,0.893,0.81,0.688,0.737,0.127,0.704,0.181,0.58,0.673,0.294,0.015,0.493,0.339,0.301,0.336,0.124,0.238,0.67,0.448,0.31,0.257,0.355,0.836,0.17,0.762,0.381
0.697,0.099,0.84,0.079,0.737,0.761,0.873,0.536,0.399,0.007,0.429,0.401,0.86,0.63,0.962,0.658,0.773,0.764,0.98,0.406,0.763,0.062,0.912,0.392,0.409,0.19,0.543,0.032,0.156,0.578,0.348,0.986,0.774,0.849,0.763,0.696,0.214,0.561,0.212,0.834,0.334,0.409,0.401,0.859,0.498,0.314,0.407,0.211,0.631,0.192,0.374,0.524,0.649,0.641,0.138,0.081,0.25,0.491,0.351,0.782,0.416,0.562,0.607,0.334,0.351,0.659,0.564,0.397,0.009,0.85,0.324,0.963,0.689,0.066,0.331,0.648,0.8,0.241,0.814,0.097,0.578,0.024,0.631,0.139,0.333,0.788,0.252,0.155,0.479,0.545,0.649,0.933,0.976,0.583,0.358,0.626,0.716,0.601,0.433,0.579,0.45,0.137,0.783,0.678,0.611,0.521,0.311,0.433,0.134,0.357,0.097,0.675,0.079,0.791,0.62,0.273,0.437,0.248,0.439,0.105,0.57,0.961,0.61,0.714,0.149,0.797,0.47,0.32
0.078,0.112,0.214,0.432,0.58,0.841,0.35,0.025,0.534,0.513,0.024,0.859,0.659,0.634,0.475,0.291,0.32,0.806,0.84,0.018,0.898,0.456,0.369,0.432,0.593,0.472,0.585,0.576,0.185,0.645,0.931,0.45,0.658,0.64,0.125,0.229,0.21,0.197,0.588,0.113,0.059,0.52,0.799,0.472,0.718,0.877,0.822,0.661,0.548,0.067,0.482,0.412,0.576,0.075,0.529,0.091,0.678,0.157,0.959,0.875,0.181,0.7,0.102,0.899,0.605,0.183,0.653,0.019,0.765,0.773,0.935,0.96,0.257,0.998,0.146,0.365,0.764,0.053,0.653,0.604,0.661,0.028,0.682,0.133,0.629,0.489,0.056,0.517,0.142,0.519,0.675,0.114,0.037,0.744,0.768,0.999,0.008,0.325,0.619,0.999,0.506,0.614,0.782,0.824,0.09,0.759,0.155,0.697,0.379,0.657,0.629,0.418,0.385,0.202,0.153,0.177,0.335,0.667,0.626,0.896,0.528,0.146,0.587,0.679,0.902,0.223,0.031,0.519
0.909,0.46,0.311,0.554,0.324,0.704,0.651,0.028,0.432,0.001,0.778,0.81,0.151,0.569,0.029,0.559,0.19,0.708,0.87,0.02,0.056,0.511,0.227,0.633,0.785,0.736,0.035,0.701,0.221,0.448,0.407,0.486,0.308,0.952,0.143,0.803,0.717,0.135,0.665,0.204,0.724,0.567,0.979,0.877,0.421,0.56,0.07,0.262,0.896,0.412,0.656,0.736,0.437,0.839,0.266,0.007,0.479,0.208,0.77,0.757,0.826,0.756,0.357,0.21,0.714,0.987,0.578,0.374,0.804,0.118,0.614,0.869,0.612,0.418,0.693,0.743,0.76,0.749,0.064,0.375,0.811,0.503,0.394,0.327,0.801,0.54,0.95,0.378,0.263,0.373,0.496,0.629,0.25,0.868,0.12,0.159,0.011,0.392,0.965,0.256,0.845,0.956,0.112,0.058,0.9,0.667,0.092,0.011,0.485,0.431,0.788,0.426,0.434,0.6,0.364,0.169,0.952,0.97,0.008,0.502,0.453,0.402,0.574,0.712,0.979,0.034,0.317,0.722
0.667,0.247,0.346,0.726,0.085,0.224,0.883,0.363,0.542,0.035,0.977,0.463,0.032,0.59,0.864,0.158,0.864,0.592,0.101,0.676,0.672,0.916,0.234,0.294,0.384,0.34,0.853,0.028,0.136,0.323,0.289,0.139,0.341,0.269,0.202,0.109,0.16,0.267,0.283,0.946,0.082,0.376,0.868,0.129,0.235,0.711,0.099,0.476,0.078,0.153,0.46,0.806,0.115,0.279,0.736,0.12,0.268,0.29,0.068,0.908,0.688,0.616,0.446,0.25,0.325,0.391,0.882,0.591,0.997,0.714,0.769,0.939,0.308,0.646,0.908,0.668,0.194,0.921,0.776,0.578,0.281,0.412,0.531,0.443,0.498,0.719,0.936,0.847,0.299,0.403,0.219,0.246,0.13,0.719,0.134,0.804,0.648,0.194,0.521,0.595,0.314,0.095,0.731,0.707,0.099,0.406,0.971,0.438,0.604,0.935,0.998,0.008,0.121,0.941,0.204,0.093,0.734,0.122,0.906,0.344,0.209,0.575,0.593,0.147,0.059,0.45,0.331,0.726
0.559,0.426,0.639,0.953,0.546,0.123,0.968,0.181,0.319,0.651,0.845,0.042,0.946,0.285,0.846,0.524,0.932,0.837,0.777,0.066,0.842,0.817,0.898,0.49,0.902,0.415,0.676,0.186,0.881,0.872,0.101,0.892,0.608,0.093,0.005,0.402,0.208,0.428,0.75,0.835,0.587,0.187,0.063,0.685,0.568,0.659,0.836,0.136,0.213,0.784,0.481,0.766,0.428,0.301,0.669,0.508,0.173,0.256,0.539,0.703,0.255,0.811,0.452,0.879,0.917,0.087,0.469,0.825,0.435,0.412,0.529,0.512,0.143,0.318,0.538,0.581,0.178,0.642,0.285,0.149,0.371,0.959,0.824,0.751,0.344,0.623,0.245,0.499,0.388,0.65,0.533,0.28,0.415,0.054,0.882,0.883,0.664,0.243,0.058,0.952,0.246,0.366,0.119,0.295,0.818,0.099,0.352,0.257,0.672,0.596,0.893,0.896,0.716,0.077,0.708,0.647,0.218,0.708,0.148,0.023,0.626,0.663,0.343,0.609,0.4,0.746,0.76,0.113
0.329,0.497,0.591,0.076,0.969,0.919,0.141,0.175,0.742,0.476,0.895,0.619,0.645,0.58,0.053,0.25,0.426,0.944,0.62,0.848,0.453,0.89,0.444,0.366,0.637,0.728,0.007,0.287,0.425,0.945,0.823,0.029,0.293,0.113,0.274,0.622,0.534,0.174,0.021,0.376,0.806,0.499,0.379,0.053,0.469,0.661,0.52,0.881,0.406,0.832,0.35,0.314,0.805,0.67,0.334,0.987,0.399,0.164,0.833,0.401,0.791,0.571,0.406,0.422,0.157,0.743,0.58,0.526,0.5,0.073,0.9,0.853,0.762,0.888,0.132,0.911,0.812,0.668,0.285,0.095,0.589,0.182,0.923,0.133,0.424,0.428,0.33,0.773,0.122,0.55,0.017,0.65,0.786,0.28,0.462,0.496,0.132,0.877,0.693,0.99,0.438,0.351,0.81,0.726,0.724,0.104,0.76,0.014,0.181,0.741,0.284,0.839,0.131,0.551,0.181,0.683,0.838,0.304,0.688,0.533,0.699,0.981,0.724,0.13,0.083,0.177,0.783,0.526
0.272,0.335,0.233,0.554,0.267,0.338,0.987,0.614,0.519,0.685,0.455,0.034,0.799,0.022,0.201,0.359,0.216,0.273,0.258,0.967,0.134,0.657,0.715,0.137,0.266,0.347,0.439,0.933,0.531,0.203,0.261,0.095,0.997,0.545,0.246,0.587,0.05,0.314,0.789,0.237,0.655,0.538,0.933,0.497,0.402,0.743,0.339,0.573,0.48,0.303,0.272,0.936,0.513,0.804,0.25,0.289,0.788,0.391,0.232,0.931,0.926,0.193,0.77,0.835,0.918,0.013,0.176,0.896,0.454,0.25,0.398,0.52,0.065,0.738,0.779,0.92,0.008,0.989,0.371,0.694,0.106,0.489,0.998,0.023,0.52,0.229,0.451,0.228,0.905,0.214,0.325,0.979,0.381,0.744,0.205,0.079,0.349,0.349,0.287,0.835,0.023,0.87,0.351,0.928,0.069,0.484,0.934,0.991,0.039,0.731,0.291,0.527,0.231,0.567,0.606,0.231,0.847,0.067,0.093,0.436,0.946,0.577,0.115,0.29,0.478,0.434,0.99,0.914
0.691,0.385,0.381,0.864,0.869,0.976,0.356,0.57,0.084,0.294,0.377,0.256,0.417,0.613,0.154,0.642,0.923,0.445,0.121,0.37,0.2,0.305,0.841,0.998,0.795,0.032,0.327,0.278,0.836,0.58,0.439,0.623,0.343,0.884,0.849,0.642,0.499,0.514,0.477,0.037,0.803,0.509,0.402,0.036,0.454,0.806,0.515,0.25,0.884,0.284,0.793,0.686,0.214,0.341,0.589,0.56,0.032,0.952,0.992,0.491,0.095,0.063,0.946,0.346,0.338,0.351,0.367,0.737,0.325,0.453,0.19,0.982,0.911,0.182,0.752,0.592,0.838,0.56,0.193,0.975,0.704,0.419,0.558,0.977,0.385,0.984,0.933,0.409,0.773,0.984,0.609,0.354,0.09,0.862,0.348,0.755,0.113,0.465,0.31,0.124,0.427,0.236,0.805,0.896,0.821,0.159,0.156,0.625,0.533,0.355,0.496,0.43,0.57,0.138,0.7,0.176,0.559,0.865,0.878,0.778,0.848,0.712,0.801,0.987,0.552,0.972,0.974,0.67
0.077,0.564,0.98,0.594,0.887,0.801,0.632,0.721,0.52,0.061,0.698,0.237,0.888,0.937,0.013,0.565,0.97,0.057,0.2,0.797,0.157,0.171,0.356,0.488,0.241,0.267,0.724,0.62,0.828,0.511,0.464,0.649,0.576,0.695,0.368,0.948,0.35,0.453,0.607,0.933,0.918,0.834,0.545,0.302,0.428,0.702,0.391,0.926,0.377,0.271,0.654,0.029,1.0,0.92,0.783,0.57,0.362,0.01,0.275,0.734,0.088,0.06,0.12,0.361,0.424,0.871,0.867,0.574,0.58,0.317,0.508,0.425,0.496,0.537,0.956,0.99,0.852,0.295,0.9,0.6,0.134,0.691,0.194,0.068,0.547,0.452,0.811,0.308,0.528,0.146,0.217,0.568,0.166,0.662,0.194,0.821,0.764,0.577,0.468,0.149,0.479,0.092,0.004,0.321,0.374,0.348,0.556,0.433,0.887,0.246,0.558,0.8,0.119,0.856,0.745,0.416,0.516,0.235,0.486,0.244,0.813,0.626,0.224,0.132,0.786,0.893,0.09,0.047
0.729,0.721,0.45,0.566,0.187,0.204,0.773,0.604,0.995,0.526,0.063,0.718,0.461,0.315,0.404,0.752,0.095,0.986,0.457,0.36,0.937,0.118,0.373,0.057,0.57,0.726,0.922,0.499,0.711,0.037,0.72,0.477,0.964,0.022,0.338,0.271,0.387,0.412,0.93,0.766,0.249,0.038,0.794,0.569,0.844,0.599,0.849,0.364,0.93,0.965,0.376,0.216,0.801,0.692,0.682,0.907,0.34,0.482,0.7,0.325,0.545,0.549,0.901,0.716,0.665,0.838,0.586,0.194,0.307,0.542,0.524,0.303,0.557,0.445,0.572,0.936,0.994,0.593,0.02,0.585,0.017,0.334,0.701,0.186,0.759,0.904,0.932,0.045,0.091,0.746,0.11,0.837,0.57,0.967,0.612,0.774,0.215,0.018,0.202,0.957,0.071,0.306,0.503,0.514,0.458,0.137,0.835,0.561,0.87,0.89,0.066,0.552,0.114,0.314,0.434,0.89,0.591,0.472,0.526,0.921,0.417,0.867,0.187,0.97,0.715,0.514,0.481,0.661
0.606,0.565,0.284,0.403,0.428,0.721,0.62,0.489,0.003,0.759,0.505,0.925,0.561,0.898,0.375,0.134,0.091,0.497,0.606,0.105,0.768,0.97,0.121,0.377,0.846,0.357,0.714,0.993,0.379,0.254,0.142,0.928,0.159,0.59,0.264,0.724,0.031,0.138,0.078,0.116,0.953,0.688,0.044,0.8,0.931,0.631,0.46,0.545,0.132,0.838,0.298,0.957,0.816,0.866,0.487,0.134,0.814,0.364,0.815,0.87,0.8,0.93,0.823,0.425,0.379,0.569,0.925,0.145,0.619,0.617,0.925,0.212,0.355,0.13,0.919,0.565,0.535,0.598,0.118,0.172,0.409,0.094,0.273,0.08,0.45,0.597,0.391,0.811,0.688,0.99,0.902,0.619,0.467,0.943,0.722,0.45,0.583,0.378,0.032,0.045,0.272,0.105,0.667,0.476,0.767,0.233,0.623,0.595,0.969,0.694,0.956,0.431,0.837,0.861,0.796,0.199,0.395,0.494,0.641,0.639,0.089,0.664,0.487,0.623,0.502,0.443,0.318,0.838
0.358,0.81,0.378,0.854,0.615,0.343,0.188,0.655,0.026,0.713,0.277,0.008,0.48,0.849,0.366,0.935,0.32,0.117,0.44,0.196,0.239,0.583,0.998,0.161,0.861,0.23,0.784,0.504,0.583,0.434,0.617,0.743,0.254,0.379,0.151,0.463,0.417,0.247,0.718,0.494,0.174,0.545,0.976,0.416,0.137,0.305,0.837,0.392,0.556,0.224,0.653,0.215,0.784,0.826,0.66,0.073,0.069,0.431,0.432,0.782,0.575,0.286,0.209,0.041,0.239,0.584,0.95,0.912,0.441,0.496,0.18,0.532,0.004,0.472,0.147,0.551,0.969,0.387,0.364,0.028,0.784,0.186,0.986,0.458,0.469,0.523,0.846,0.725,0.125,0.615,0.411,0.884,0.447,0.024,0.89,0.296,0.437,0.872,0.233,0.089,0.245,0.323,0.642,0.836,0.946,0.666,0.37,0.578,0.378,0.077,0.457,0.145,0.255,0.082,0.927,0.151,0.348,0.719,0.58,0.033,0.591,0.274,0.58,0.253,0.969,0.017,0.887,0.948
0.936,0.885,0.366,0.791,0.612,0.539,0.634,0.288,0.43,0.656,0.622,0.071,0.01,0.641,0.188,0.585,0.576,0.006,0.155,0.55,0.363,0.45,0.733,0.954,0.475,0.935,0.786,0.786,0.137,0.288,0.077,0.428,0.953,0.306,0.357,0.124,0.624,0.236,0.458,0.922,0.637,0.696,0.403,0.75,0.687,0.205,0.967,0.73,0.72,0.519,0.506,0.277,0.628,0.014,0.849,0.228,0.056,0.274,0.025,0.48,0.883,0.475,0.27,0.989,0.727,0.05,0.0,0.961,0.428,0.518,0.62,0.017,0.902,0.223,0.503,0.622,0.489,0.986,0.319,0.787,0.645,0.062,0.491,0.839,0.717,0.924,0.553,0.705,0.912,0.693,0.538,0.548,0.506,0.089,0.19,0.389,0.339,0.537,0.108,0.194,0.616,0.977,0.621,0.753,0.913,0.011,0.149,0.918,0.427,0.713,0.243,0.275,0.692,0.192,0.876,0.341,0.381,0.955,0.478,0.948,0.332,0.218,0.921,0.421,0.5,0.438,0.261,0.51
0.431,0.441,0.962,0.512,0.557,0.032,0.858,0.579,0.268,0.579,0.499,0.09,0.828,0.298,0.042,0.85,0.198,0.074,0.439,0.961,0.322,0.256,0.03,0.111,0.042,0.558,0.138,0.759,0.43,0.783,0.847,0.349,0.551,0.451,0.621,0.019,0.194,0.433,0.162,0.869,0.51,0.663,0.097,0.344,0.05,0.124,0.287,0.322,0.161,0.897,0.809,0.678,0.159,0.88,0.895,0.379,0.836,0.965,0.006,0.917,0.975,0.816,0.783,0.222,0.623,0.499,0.549,0.01,0.641,0.169,0.115,0.226,0.523,0.321,0.058,0.391,0.926,0.477,0.832,0.454,0.99,0.977,0.078,0.127,0.178,0.662,0.586,0.129,0.923,0.912,0.654,0.924,0.465,0.812,0.833,0.967,0.925,0.24,0.263,0.567,0.531,0.915,0.531,0.138,0.331,0.337,0.514,0.874,0.685,0.286,0.913,0.477,0.439,0.384,0.579,0.479,0.501,0.762,0.828,0.261,0.858,0.582,0.516,0.927,0.44,0.251,0.742,0.97
0.701,0.0,0.201,0.297,0.467,0.776,0.323,0.78,0.563,0.171,0.136,0.928,0.325,0.163,0.267,0.576,0.803,0.926,0.662,0.744,0.665,0.912,0.027,0.837,0.818,0.822,0.369,0.053,0.482,0.614,0.35,0.84,0.564,0.059,0.456,0.255,0.495,0.673,0.451,0.906,0.191,0.73,0.352,0.882,0.903,0.056,0.117,0.668,0.22,0.593,0.54,0.106,0.962,0.79,0.226,0.954,0.959,0.956,0.944,0.732,0.284,0.321,0.81,0.841,0.201,0.913,0.145,0.251,0.5,0.899,0.775,0.108,0.263,0.293,0.41,0.235,0.263,0.963,0.276,0.916,0.835,0.281,0.436,0.069,0.582,0.518,0.515,0.017,0.304,0.352,0.956,0.534,0.936,0.137,0.527,0.521,0.679,0.261,0.143,0.414,0.19,0.749,0.974,0.227,0.503,0.424,0.405,0.005,0.562,0.312,0.952,0.548,0.216,0.142,0.434,0.913,0.2,0.35,0.135,0.483,0.365,0.424,0.702,0.628,0.799,0.179,0.973,0.994
0.088,0.495,0.473,0.556,0.539,0.302,0.83,0.73,0.565,0.074,0.679,0.139,0.627,0.004,0.476,0.552,0.837,0.799,0.923,0.523,0.115,0.133,0.147,0.363,0.859,0.532,0.945,0.553,0.211,0.994,0.284,0.34,0.055,0.624,0.754,0.23,0.463,0.132,0.455,0.3,0.225,0.749,0.239,0.181,0.616,0.234,0.938,0.531,0.676,0.672,0.415,0.822,0.005,0.441,0.468,0.046,0.235,0.11,0.912,0.706,0.309,0.757,0.87,0.244,0.931,0.909,0.596,0.027,0.221,0.564,0.134,0.776,0.011,0.226,0.653,0.209,0.027,0.735,0.408,0.402,0.956,0.532,0.091,0.957,0.305,0.438,0.947,0.227,0.526,0.629,0.493,0.965,0.057,0.905,0.502,0.518,0.655,0.41,0.798,0.384,0.492,0.029,0.322,0.281,0.232,0.132,0.307,0.975,0.996,0.794,0.589,0.107,0.938,0.228,0.451,0.044,0.501,0.229,0.912,0.424,0.38,0.659,0.245,0.014,0.188,0.958,0.455,0.514
0.548,0.499,0.449,0.884,0.005,0.393,0.971,0.03,0.602,0.776,0.86,0.337,0.608,0.893,0.394,0.459,0.873,0.324,0.452,0.933,0.287,0.442,0.763,0.021,0.378,0.037,0.215,0.679,0.194,0.578,0.315,0.954,0.359,0.609,0.722,0.719,0.154,0.586,0.107,0.4,0.545,0.671,0.262,0.049,0.473,0.273,0.29,0.38,0.357,0.527,0.394,0.565,0.769,0.014,0.278,0.855,0.07,0.798,0.69,0.815,0.893,0.955,0.681,0.12,0.727,0.344,0.45,0.517,0.519,0.766,0.406,0.246,0.305,0.264,0.381,0.633,0.292,0.758,0.505,0.912,0.019,0.278,0.156,0.786,0.037,0.197,0.547,0.498,0.713,0.691,0.848,0.151,0.706,0.591,0.481,0.547,0.97,0.407,0.855,0.5,0.386,0.078,0.805,0.458,0.783,0.308,0.267,0.453,0.851,0.323,0.767,0.466,0.825,0.794,0.821,0.563,0.048,0.414,0.112,0.967,0.813,0.196,0.51,0.787,0.657,0.168,0.754,0.137
0.385,0.953,0.805,0.142,0.36,0.295,0.594,0.483,0.841,0.495,0.551,0.138,0.782,0.441,0.237,0.243,0.075,0.311,0.142,0.542,0.615,0.157,0.224,0.093,0.498,0.58,0.619,0.846,0.082,0.543,0.752,0.44,0.147,0.325,0.665,0.388,0.467,0.43,0.644,0.2,0.118,0.063,0.464,0.038,0.807,0.84,0.75,0.329,0.43,0.279,0.629,0.033,0.877,0.463,0.211,0.789,0.188,0.002,0.669,0.656,0.311,0.017,0.75,0.014,0.525,0.224,0.004,0.777,0.555,0.439,0.792,0.93,0.226,0.621,0.657,0.454,0.101,0.726,0.174,0.918,0.537,0.854,0.651,0.48,0.01,0.367,0.649,0.192,0.177,0.271,0.239,0.24,0.38,0.357,0.326,0.211,0.156,0.898,0.905,0.556,0.952,0.051,0.998,0.605,0.67,0.603,0.948,0.986,0.114,0.376,0.893,0.08,0.09,0.062,0.641,0.578,0.908,0.235,0.081,0.853,0.365,0.771,0.679,0.847,0.575,0.397,0.418,1.0
0.85,0.505,0.819,0.675,0.419,0.855,0.155,0.743,0.592,0.625,0.491,0.34,0.596,0.817,0.332,0.236,0.921,0.824,0.951,0.738,0.568,0.53,0.386,0.608,0.89,0.62,0.824,0.269,0.646,0.184,0.815,0.28,0.941,0.744,0.94,0.533,0.093,0.718,0.312,0.878,0.141,0.012,0.007,0.758,0.135,0.95,0.574,0.252,0.784,0.121,0.026,0.493,0.245,0.377,0.018,0.47,0.479,0.557,0.303,0.702,0.522,0.233,0.313,0.155,0.537,0.298,0.8,0.808,0.684,0.813,0.633,0.016,0.586,0.394,0.964,0.291,0.899,0.232,0.495,0.63,0.026,0.722,0.503,0.143,0.457,0.357,0.377,0.344,0.49,0.228,0.274,0.569,0.657,0.525,0.217,0.226,0.677,0.654,0.264,0.021,0.148,0.001,0.243,0.673,0.304,0.38,0.708,0.293,0.342,0.193,0.162,0.802,0.25,0.613,0.766,0.574,0.839,0.576,0.722,0.387,0.965,0.031,0.614,0.199,0.947,0.287,0.921,0.908
0.389,0.843,0.283,0.792,0.318,0.206,0.632,0.651,0.36,0.578,0.87,0.364,0.725,0.966,0.644,0.277,0.488,0.095,0.652,0.176,0.811,0.654,0.052,0.872,0.955,0.526,0.634,0.369,0.668,0.682,0.163,0.013,0.236,0.846,0.554,0.123,0.388,0.738,0.184,0.176,0.027,0.328,0.042,0.546,0.493,0.837,0.065,0.32,0.246,0.686,0.68,0.632,0.644,0.61,0.895,0.257,0.046,0.666,0.295,0.547,0.882,0.252,0.269,0.638,0.583,0.993,0.712,0.901,0.124,0.148,0.767,0.072,0.648,0.585,0.33,0.589,0.885,0.868,0.388,0.074,0.75,0.298,0.189,0.5,0.664,0.95,0.641,0.26,0.866,0.853,0.645,0.891,0.134,0.202,0.756,0.439,0.692,0.472,0.406,0.241,0.921,0.041,0.63,0.949,0.822,0.712,0.186,1.0,0.674,0.086,0.119,0.734,0.681,0.879,0.998,0.741,0.162,0.919,0.749,0.747,0.098,0.65,0.413,0.716,0.177,0.759,0.451,0.301
0.389,0.694,0.19,0.291,0.79,0.817,0.11,0.865,0.119,0.123,0.829,0.587,0.61,0.835,0.072,0.574,0.306,0.568,0.587,0.169,0.108,0.174,0.902,0.009,0.57,0.608,0.853,0.223,0.584,0.903,0.365,0.769,0.954,0.252,0.342,0.617,0.163,0.022,0.435,0.707,0.226,0.21,0.752,0.633,0.943,0.898,0.152,0.984,0.666,0.364,0.07,0.555,0.677,0.778,0.263,0.709,0.518,0.649,0.827,0.812,0.568,0.751,0.602,0.129,0.897,0.796,0.854,0.034,0.912,0.072,0.37,0.435,0.776,0.383,0.526,0.929,0.473,0.422,0.247,0.908,0.428,0.825,0.769,0.361,0.257,0.224,0.286,0.691,0.709,0.75,0.552,0.084,0.415,0.436,0.657,0.049,0.537,0.342,0.412,0.518,0.373,0.027,0.312,0.968,0.541,0.046,0.287,0.41,0.259,0.39,0.382,0.673,0.058,0.911,0.654,0.576,0.67,0.095,0.493,0.866,0.843,0.265,0.983,0.365,0.406,0.986,0.15,0.452
0.244,0.915,0.066,0.771,0.851,0.495,0.83,0.251,0.148,0.511,0.778,0.276,0.606,0.708,0.893,0.422,0.958,0.31,0.875,0.678,0.643,0.437,0.145,0.738,0.93,0.957,0.045,0.242,0.168,0.402,0.223,0.951,0.216,0.22,0.854,0.189,0.355,0.256,0.257,0.183,0.651,0.273,0.707,0.147,0.607,0.105,0.608,0.916,0.027,0.422,0.336,0.603,0.327,0.299,0.786,0.136,0.769,0.498,0.529,0.337,0.988,0.368,0.358,0.924,0.056,0.758,0.183,0.564,0.297,0.659,0.223,0.243,0.545,0.99,0.201,0.123,0.548,0.7,0.559,0.763,0.44,0.304,0.094,0.5,0.075,0.661,0.068,0.54,0.255,0.256,0.96,0.319,0.381,0.783,0.518,0.146,0.494,0.894,0.03,0.303,0.24,0.414,0.986,0.644,0.726,0.002,0.519,0.715,0.502,0.356,0.303,0.234,0.646,0.725,0.449,0.6,0.664,0.153,0.236,0.732,0.924,0.675,0.842,0.671,0.631,0.579,0.109,0.054
0.064,0.825,0.554,0.915,0.793,0.51,0.756,0.179,0.792,0.772,0.011,0.574,0.069,0.685,0.776,0.591,0.598,0.083,0.497,0.023,0.833,0.595,0.646,0.237,0.303,0.295,0.657,0.474,0.139,0.7,0.561,0.797,0.792,0.136,0.167,0.909,0.583,0.816,0.617,0.495,0.04,0.208,0.108,0.263,0.123,0.962,0.941,0.369,0.102,0.26,0.714,0.037,0.119,0.129,0.308,0.709,0.815,0.024,0.705,0.762,0.75,0.382,0.517,0.722,0.379,0.195,0.792,0.627,0.276,0.798,0.824,0.144,0.771,0.003,0.698,0.829,0.547,0.611,0.102,0.618,0.931,0.225,0.333,0.619,0.474,0.306,0.216,0.102,0.937,0.807,0.517,0.954,0.08,0.612,0.747,0.494,0.283,0.284,0.515,0.157,0.633,0.223,0.818,0.116,0.589,0.183,0.923,0.778,0.796,0.763,0.333,0.894,0.912,0.759,0.748,0.881,0.17,0.495,0.715,0.368,0.998,0.483,0.934,0.565,0.103,0.025,0.573,0.677
0.484,0.706,0.618,0.484,0.072,0.662,0.289,0.517,0.466,0.677,0.553,0.098,0.352,0.695,0.68,0.223,0.984,0.295,0.918,0.251,0.433,0.983,0.495,0.066,0.48,0.006,0.974,0.82,0.754,0.882,0.613,0.812,0.079,0.626,0.694,0.841,0.866,0.627,0.465,0.456,0.686,0.983,0.481,0.846,0.063,0.219,0.557,0.249,0.223,0.1,0.597,0.919,0.185,0.319,0.961,0.655,0.019,0.454,0.63,0.802,0.971,0.395,0.023,0.024,0.767,0.951,0.579,0.403,0.305,0.542,0.244,0.514,0.387,0.184,0.088,0.702,0.885,0.159,0.225,0.387,0.134,0.006,0.105,0.379,0.284,0.502,0.85,0.79,0.011,0.205,0.709,0.439,0.778,0.289,0.876,0.009,0.144,0.275,0.399,0.835,0.392,0.452,0.104,0.219,0.087,0.591,0.614,0.405,0.263,0.801,0.042,0.661,0.545,0.592,0.418,0.304,0.623,0.872,0.964,0.817,0.889,0.538,0.954,0.715,0.326,0.85,0.035,0.913
0.499,0.463,0.931,0.062,0.878,0.734,0.904,0.703,0.044,0.554,0.696,0.868,0.936,0.58,0.868,0.306,0.136,0.979,0.091,0.171,0.937,0.277,0.292,0.709,0.261,0.492,0.516,0.307,0.373,0.439,0.73,0.362,0.429,0.442,0.675,0.867,0.661,0.744,0.123,0.434,0.043,0.447,0.552,0.335,0.568,0.79,0.223,0.164,0.925,0.847,0.538,0.383,0.43,0.997,0.159,0.394,0.88,0.219,0.204,0.427,0.57,0.051,0.933,0.324,0.972,0.655,0.304,0.466,0.109,0.656,0.96,0.353,0.471,0.706,0.175,0.137,0.749,0.337,0.642,0.437,0.062,0.795,0.591,0.648,0.68,0.813,0.372,0.399,0.556,0.213,0.691,0.285,0.947,0.208,0.03,0.691,0.72,0.264,0.249,0.086,0.979,0.987,0.269,0.315,0.759,0.596,0.107,0.251,0.644,0.389,0.506,0.521,0.161,0.191,0.512,0.467,0.234,0.06,0.723,0.108,0.798,0.854,0.369,0.01,0.412,0.153,0.678,0.878
0.593,0.45,0.11,0.845,0.669,0.913,0.648,0.823,0.606,0.346,0.485,0.136,0.122,0.053,0.161,0.295,0.485,0.604,0.867,0.008,0.155,0.273,0.458,0.667,0.636,0.384,0.25,0.412,0.963,0.155,0.099,0.629,0.238,0.07,0.975,0.422,0.08,0.715,0.059,0.915,0.954,0.477,0.489,0.914,0.472,0.426,0.642,0.615,0.258,0.924,0.15,0.6,0.342,0.552,0.29,0.758,0.278,0.22,0.924,0.913,0.113,0.671,0.822,0.382,0.763,0.858,0.767,0.778,0.448,0.518,0.269,0.114,0.604,0.115,0.038,0.247,0.477,0.336,0.667,0.571,0.121,0.802,0.811,0.081,0.527,0.518,0.977,0.926,0.101,0.251,0.676,0.568,0.103,0.2,0.666,0.63,0.973,0.91,0.849,0.208,0.676,0.709,0.427,0.313,0.694,0.223,0.447,0.875,0.008,0.869,0.558,0.021,0.733,0.018,0.946,0.782,0.866,0.487,0.452,0.774,0.441,0.577,0.532,0.13,0.406,0.38,0.653,0.737
0.038,0.65,0.888,0.786,0.914,0.157,0.943,0.187,0.171,0.606,0.607,0.154,0.211,0.909,0.849,0.168,0.112,0.634,0.225,0.577,0.861,0.209,0.215,0.258,0.689,0.709,0.475,0.985,0.226,0.735,0.018,0.224,0.191,0.71,0.315,0.604,0.636,0.917,0.083,0.424,0.019,0.151,0.626,0.095,0.642,0.477,0.01,0.483,0.275,0.658,0.545,0.737,0.405,0.159,0.095,0.401,0.14,0.345,0.677,0.919,0.925,0.838,0.368,0.219,0.551,0.792,0.688,0.231,0.172,0.95,0.781,0.9,0.712,0.305,0.703,0.858,0.004,0.203,0.902,0.019,0.296,0.675,0.349,0.418,0.157,0.119,0.187,0.052,0.877,0.964,0.938,0.46,0.341,0.949,0.701,0.125,0.429,0.814,0.067,0.536,0.493,0.856,0.372,0.201,0.427,0.371,0.599,0.937,0.726,0.366,0.06,0.038,0.464,0.517,0.132,0.52,0.267,0.159,0.835,0.428,0.522,0.696,0.137,0.476,0.542,0.081,0.881,0.406
0.25,0.927,0.008,0.691,0.978,0.989,0.737,0.184,0.725,0.617,0.009,0.912,0.616,0.928,0.69,0.638,0.538,0.231,0.091,0.088,0.128,0.173,0.485,0.449,0.652,0.946,0.909,0.792,0.061,0.49,0.277,0.354,0.392,0.855,0.904,0.118,0.416,0.572,0.894,0.298,0.592,0.753,0.847,0.343,0.133,0.181,0.219,0.867,0.652,0.436,0.686,0.155,0.903,0.137,0.461,0.798,0.918,0.102,0.218,0.286,0.335,0.342,0.111,0.841,0.573,0.975,0.247,0.448,0.955,0.16,0.285,0.531,0.714,0.075,0.554,0.182,0.453,0.198,0.643,0.988,0.34,0.662,0.313,0.793,0.817,0.646,0.863,0.529,0.085,0.5,0.948,0.953,0.759,0.75,0.434,0.595,0.124,0.99,0.066,0.321,0.35,0.802,0.076,0.244,0.148,0.13,0.087,0.026,0.816,0.137,0.397,0.183,0.907,0.058,0.91,0.86,0.137,0.107,0.866,0.782,0.026,0.121,0.079,0.82,0.19,0.836,0.933,0.489
0.317,0.779,0.947,0.272,0.804,0.896,0.532,0.462,0.913,0.604,0.049,0.551,0.518,0.237,0.679,0.867,0.79,0.451,0.139,0.231,0.683,0.186,0.808,0.215,0.917,0.59,0.001,0.413,0.069,0.162,0.153,0.414,0.06,0.213,0.401,0.528,0.615,0.708,0.383,0.306,0.839,0.414,0.385,0.009,0.668,0.02,0.037,0.926,0.407,0.908,0.397,0.143,0.695,0.246,0.519,0.778,0.915,0.13,0.017,0.535,0.664,0.774,0.556,0.145,0.78,0.291,0.643,0.335,0.25,0.652,0.757,0.201,0.129,0.511,0.493,0.277,0.178,0.479,0.693,0.43,0.935,0.299,0.574,0.956,0.315,0.388,0.077,0.285,0.864,0.105,0.489,0.742,0.815,0.392,0.454,0.603,0.025,0.01,0.004,0.47,0.734,0.5,0.144,0.328,0.781,0.516,0.066,0.962,0.256,0.703,0.309,0.952,0.205,0.932,0.32,0.742,0.864,0.488,0.218,0.22,0.146,0.648,0.206,0.689,0.971,0.942,0.718,0.069
0.144,0.86,0.526,0.572,0.689,0.394,0.802,0.323,0.642,0.399,0.246,0.655,0.42,0.923,0.211,0.855,0.729,0.972,0.698,0.786,0.341,0.334,0.372,0.499,0.222,0.527,0.8,0.094,0.926,0.885,0.764,0.608,0.585,0.585,0.319,0.969,0.674,0.013,0.726,0.952,0.111,0.551,0.911,0.634,0.634,0.448,0.295,0.398,0.431,0.884,0.72,0.559,0.354,0.866,0.832,0.49,0.407,0.645,0.899,0.019,0.269,0.016,0.9,0.422,0.735,0.044,0.625,0.201,0.778,0.666,0.636,0.57,0.251,0.921,0.618,0.027,0.499,0.616,0.207,0.942,0.354,0.609,0.229,0.602,0.721,0.836,0.76,0.377,0.472,0.87,0.735,0.17,0.702,0.489,0.063,0.128,0.877,0.096,0.879,0.578,0.624,0.326,0.568,0.532,0.032,0.178,0.1,0.873,0.562,0.272,0.279,0.066,0.701,0.176,0.129,0.325,0.427,0.977,0.896,0.678,0.547,0.161,0.563,0.587,0.898,0.928,0.307,0.208
0.695,0.791,0.723,0.661,0.675,0.738,0.267,0.241,0.773,0.847,0.544,0.636,0.874,0.46,0.486,0.68,0.831,0.123,0.59,0.126,0.5,0.851,0.925,0.93,0.157,0.41,0.872,0.903,0.231,0.908,0.597,0.027,0.6,0.526,0.861,0.402,0.014,0.656,0.758,0.253,0.778,0.835,0.483,0.514,0.638,0.205,0.496,0.68,0.003,0.242,0.402,0.796,0.674,0.556,0.68,0.431,0.591,0.484,0.452,0.698,0.508,0.44,0.003,0.443,0.19,0.864,0.164,0.761,0.087,0.916,0.876,0.495,0.023,0.226,0.855,0.147,0.417,0.089,0.143,0.611,0.179,0.782,0.803,0.967,0.091,0.611,0.374,0.074,0.071,0.204,0.776,0.756,0.653,0.516,0.745,0.446,0.661,0.037,0.479,0.426,0.284,0.692,0.57,0.926,0.186,0.411,0.747,0.717,0.259,0.464,0.217,0.828,0.67,0.062,0.502,0.638,0.289,0.272,0.502,0.777,0.313,0.949,0.843,0.511,0.279,0.947,0.979,0.042
0.261,0.697,0.139,0.211,0.597,0.671,0.572,0.557,0.873,0.732,0.618,0.461,0.176,0.641,0.901,0.576,0.375,0.702,0.646,0.949,0.387,0.111,0.314,0.063,0.421,0.62,0.726,0.337,0.788,0.559,0.111,0.436,0.528,0.467,0.637,0.904,0.203,0.235,0.966,0.385,0.796,0.336,0.02,0.755,0.793,0.346,0.76,0.29,0.454,0.274,0.983,0.924,0.024,0.383,0.782,0.13,0.602,0.468,0.357,0.191,0.807,0.329,0.681,0.085,0.56,0.68,0.314,0.098,0.998,0.104,0.423,0.136,0.333,0.694,0.109,0.699,0.95,0.54,0.909,0.289,0.55,0.402,0.913,0.331,0.996,0.075,0.925,0.378,0.498,0.656,0.605,0.034,0.524,0.834,0.435,0.072,0.018,0.966,0.638,0.567,0.997,0.904,0.602,0.902,0.4,0.468,0.584,0.451,0.379,0.835,0.257,0.128,0.326,0.312,0.23,0.188,0.031,0.225,0.682,0.685,0.203,0.654,0.463,0.535,0.014,0.182,0.27,0.678
0.679,0.493,0.358,0.389,0.23,0.954,0.787,0.153,0.319,0.38,0.117,0.65,0.484,0.453,0.86,0.887,0.087,0.541,0.207,0.982,0.083,0.828,0.231,0.287,0.062,0.791,0.342,0.046,0.966,0.942,0.098,0.81,0.145,0.591,0.097,0.777,0.647,0.775,0.735,0.783,0.677,0.802,0.802,0.937,0.704,0.807,0.125,0.722,0.458,0.679,0.453,0.735,0.311,0.847,0.005,0.787,0.64,0.483,0.753,0.927,0.474,0.557,0.656,0.165,0.536,0.66,0.156,0.325,0.45,0.203,0.185,0.142,0.136,0.023,0.545,0.105,0.154,0.38,0.22,0.894,0.874,0.81,0.562,0.352,0.163,0.564,0.172,0.556,0.413,0.612,0.888,0.139,0.433,0.467,0.157,0.694,0.157,0.887,0.155,0.069,0.629,0.82,0.99,0.286,0.825,0.048,0.216,0.832,0.784,0.969,0.67,0.567,0.803,0.363,0.023,0.86,0.358,0.672,0.785,0.163,0.633,0.498,0.551,0.215,0.641,0.467,0.354,0.851
0.849,0.447,0.235,0.745,0.122,0.02,0.69,0.985,0.474,0.286,0.178,0.377,0.6,0.61,0.178,0.333,0.91,0.468,0.456,0.283,0.612,0.959,0.977,0.039,0.44,0.435,0.986,0.252,0.754,0.384,0.588,0.2,0.259,0.347,0.221,0.011,0.16,0.09,0.972,0.244,0.403,0.153,0.399,0.961,0.799,0.901,0.871,0.358,0.908,0.547,0.363,0.637,0.961,0.466,0.336,0.892,0.449,0.477,0.338,0.116,0.132,0.083,0.394,0.104,0.754,0.537,0.1,0.889,0.297,0.046,0.489,0.134,0.815,0.285,0.276,0.322,0.167,0.432,0.132,0.705,0.132,0.003,0.759,0.829,0.481,0.178,0.882,0.126,0.341,0.087,0.968,0.32,0.932,0.938,0.71,0.177,0.314,0.518,0.202,0.386,0.007,0.911,0.887,0.383,0.568,0.321,0.079,0.962,0.629,0.912,0.844,0.896,0.614,0.011,0.2,0.736,0.332,0.578,0.842,0.945,0.343,0.336,0.713,0.373,0.721,0.878,0.82,0.237
0.981,0.869,0.468,0.408,0.189,0.794,0.32,0.332,0.083,0.9,0.367,0.857,0.227,0.036,0.603,0.666,0.231,0.851,0.155,0.833,0.517,0.797,0.572,0.356,0.245,0.386,0.579,0.384,0.073,0.03,0.002,0.757,0.927,0.484,0.177,0.656,0.39,0.796,0.03,0.384,0.371,0.162,0.015,0.142,0.505,0.637,0.194,0.29,0.081,0.776,0.319,0.616,0.856,0.713,0.551,0.047,0.991,0.011,0.865,0.749,0.248,0.705,0.72,0.204,0.773,0.35,0.965,0.222,0.7,0.815,0.418,0.56,0.374,0.789,0.317,0.228,0.62,0.375,0.54,0.235,0.219,0.31,0.215,0.229,0.644,0.529,0.857,0.312,0.675,0.796,0.727,0.548,0.512,0.003,0.293,0.792,0.353,0.465,0.597,0.096,0.5,0.089,0.447,0.833,0.662,0.644,0.647,0.355,0.741,0.173,0.522,0.445,0.024,0.302,0.51,0.692,0.361,0.617,0.899,0.251,0.503,0.335,0.142,0.019,0.92,0.017,0.776,0.759
0.528,0.407,0.89,0.453,0.077,0.92,0.664,0.763,0.623,0.281,0.13,0.602,0.794,0.169,0.571,0.691,0.826,0.506,0.581,0.438,0.228,0.032,0.042,0.413,0.602,0.604,0.018,0.494,0.65,0.385,0.727,0.295,0.086,0.621,0.482,0.775,0.698,0.411,0.517,0.534,0.693,0.269,0.033,0.288,0.103,0.118,0.723,0.71,0.608,0.196,0.595,0.152,0.835,0.068,0.706,0.51,0.84,0.461,0.575,0.429,0.3,0.155,0.057,0.867,0.801,0.744,0.918,0.231,0.038,0.252,0.975,0.249,0.316,0.064,0.856,0.708,0.994,0.021,0.269,0.124,0.353,0.904,0.035,0.751,0.417,0.88,0.536,0.817,0.817,0.407,0.114,0.745,0.411,0.442,0.441,0.342,0.678,0.317,0.249,0.023,0.954,0.531,0.478,0.082,0.763,0.596,0.747,0.578,0.118,0.796,0.262,0.069,0.275,0.801,0.802,0.08,0.59,0.594,0.532,0.72,0.305,0.081,0.14,0.64,0.95,0.681,0.19,0.226
0.931,0.047,0.418,0.253,0.21,0.922,0.986,0.227,0.336,0.216,0.252,0.295,0.516,0.124,0.43,0.778,0.539,0.254,0.214,0.382,0.24,0.662,0.244,0.812,0.398,0.211,0.335,0.556,0.683,0.109,0.307,0.421,0.516,0.618,0.749,0.428,0.446,0.739,0.667,0.842,0.796,0.598,0.928,0.227,0.746,0.809,0.539,0.307,0.26,0.385,0.224,0.845,0.167,0.756,0.578,0.042,1.0,0.749,0.511,0.788,0.171,0.498,0.734,0.986,0.813,0.321,0.593,0.388,0.372,0.926,0.214,0.328,0.024,0.738,0.954,0.649,0.338,0.016,0.782,0.05,0.347,0.152,0.156,0.123,0.874,0.513,0.256,0.338,0.588,0.028,0.341,0.42,0.497,0.306,0.505,0.798,0.634,0.236,0.232,0.187,0.172,0.363,0.06,0.576,0.142,0.988,0.844,0.749,0.959,0.169,0.546,0.236,0.518,0.213,0.306,0.352,0.6,0.557,0.567,0.12,0.726,0.659,0.125,0.163,0.143,0.308,0.895,0.585
0.431,0.779,0.913,0.34,0.066,0.177,0.54,0.187,0.194,0.393,0.903,0.567,0.773,0.462,0.974,0.339,0.903,0.71,0.623,0.309,0.683,0.065,0.279,0.02,0.595,0.412,0.975,0.433,0.844,0.936,0.469,0.474,0.952,0.781,0.006,0.561,0.969,0.567,0.901,0.48,0.165,0.515,0.746,0.996,0.308,0.364,0.493,0.003,0.805,0.168,0.774,0.014,0.39,0.692,0.058,0.472,0.785,0.741,0.061,0.802,0.459,0.273,0.684,0.964,0.607,0.087,0.462,0.174,0.086,0.781,0.202,0.241,0.078,0.596,0.878,0.808,0.457,0.391,0.045,0.103,0.088,0.147,0.088,0.606,0.315,0.437,0.305,0.235,0.747,0.138,0.064,0.758,0.248,0.296,0.107,0.699,0.604,0.647,0.228,0.698,0.367,0.208,0.855,0.187,0.076,0.085,0.332,0.8,0.694,0.896,0.374,0.098,0.003,0.94,0.631,0.348,0.61,0.694,0.98,0.241,0.356,0.557,0.819,0.106,0.465,0.908,0.313,0.025
0.781,0.309,0.898,0.835,0.834,0.483,0.727,0.363,0.839,0.696,0.845,0.975,0.222,0.941,0.579,0.017,0.556,0.859,0.27,0.097,0.599,0.046,0.062,0.909,0.734,0.789,0.112,0.702,0.415,0.385,0.263,0.445,0.951,0.947,0.927,0.763,0.59,0.933,0.382,0.758,0.865,0.71,0.545,0.965,0.085,0.651,0.099,0.52,0.894,0.956,0.723,0.353,0.315,0.806,0.703,0.112,0.143,0.233,0.968,0.65,0.326,0.327,0.825,0.669,0.277,0.157,0.935,0.271,0.836,0.823,0.276,0.799,0.303,0.404,0.001,0.603,0.556,0.745,0.356,0.151,0.133,0.011,0.992,0.615,0.107,0.632,0.212,0.103,0.64,0.745,0.089,0.787,0.954,0.395,0.231,0.746,0.891,0.339,0.575,0.278,0.749,0.244,0.792,0.421,0.009,0.21,0.134,0.796,0.961,0.697,0.355,0.68,0.379,0.396,0.752,0.366,0.787,0.474,0.715,0.001,0.549,0.505,0.434,0.208,0.187,0.253,0.962,0.537
0.336,0.525,0.273,0.419,0.787,0.095,0.719,0.951,0.526,0.755,0.728,0.182,0.09,0.838,0.329,0.019,0.263,0.756,0.51,0.564,0.05,0.317,0.183,0.068,0.92,0.168,0.87,0.535,0.543,0.553,0.684,0.059,0.909,0.635,0.007,0.82,0.985,0.508,0.205,0.743,0.226,0.788,0.488,0.237,0.703,0.628,0.925,0.557,0.672,0.762,0.794,0.633,0.074,0.172,0.679,0.253,0.491,0.096,0.007,0.511,0.014,0.357,0.123,0.067,0.987,0.442,0.482,0.966,0.665,0.063,0.788,0.572,0.715,0.57,0.996,0.537,0.622,0.442,0.756,0.02,0.631,0.483,0.86,0.345,0.365,0.185,0.174,0.268,0.372,0.005,0.456,0.196,0.833,1.0,0.616,0.462,0.746,0.985,0.546,0.273,0.325,0.014,0.818,0.711,0.391,0.0,0.751,0.199,0.654,0.203,0.626,0.385,0.512,0.921,0.676,0.126,0.046,0.347,0.435,0.635,0.077,0.555,0.52,0.34,0.479,0.085,0.619,0.417
0.342,0.61,0.513,0.122,0.921,0.364,0.694,0.896,0.987,0.501,0.469,0.609,0.492,0.496,0.568,0.955,0.044,0.299,0.28,0.081,0.252,0.165,0.633,0.383,0.699,0.477,0.201,0.916,0.128,0.868,0.491,0.444,0.89,0.489,0.376,0.854,0.219,0.83,0.784,0.206,0.844,0.285,0.247,0.781,0.153,0.24,0.903,0.889,0.886,0.614,0.763,0.237,0.073,0.98,0.87,0.778,0.484,0.263,0.202,0.831,0.032,0.126,0.335,0.656,0.987,0.957,0.084,0.405,0.85,0.827,0.4,0.751,0.426,0.415,0.572,0.784,0.4,0.28,0.511,0.146,0.319,0.149,0.854,0.967,0.749,0.748,0.428,0.467,0.434,0.641,0.755,0.739,0.034,0.917,0.311,0.803,0.555,0.127,0.875,0.564,0.794,0.393,0.687,0.285,0.262,0.261,0.557,0.516,0.365,0.351,0.286,0.979,0.95,0.616,0.551,0.599,0.632,0.16,0.213,0.4,0.229,0.136,0.308,0.371,0.014,0.921,0.2,0.578
0.333,0.035,0.793,0.802,0.646,0.478,0.572,0.918,0.245,0.13,0.975,0.578,0.181,0.268,0.076,0.894,0.951,0.366,0.779,0.648,0.912,0.71,0.531,0.796,0.884,0.161,0.73,0.856,0.357,0.417,0.418,0.302,0.88,0.281,0.258,0.302,0.449,0.278,0.559,0.004,0.525,0.755,0.016,0.193,0.363,0.465,0.872,0.624,0.293,0.156,0.527,0.977,0.524,0.687,0.879,0.381,0.807,0.949,0.717,0.654,0.661,0.846,0.961,0.748,0.634,0.004,0.569,0.924,0.183,0.042,0.979,0.573,0.536,0.688,0.992,0.051,0.447,0.611,0.374,0.72,0.563,0.535,0.509,0.25,0.764,0.041,0.969,0.937,0.402,0.363,0.406,0.844,0.039,0.536,0.695,0.272,0.123,0.841,0.416,0.131,0.406,0.628,0.211,0.452,0.876,0.558,0.947,0.786,0.262,0.103,0.038,0.026,0.739,0.787,0.537,0.681,0.787,0.562,0.671,0.403,0.377,0.977,0.613,0.148,0.155,0.73,0.641,0.373
0.504,0.536,0.215,0.306,0.878,0.733,0.893,0.459,0.109,0.944,0.253,0.851,0.338,0.915,0.62,0.48,0.087,0.788,0.346,0.16,0.49,0.446,0.223,0.31,0.529,0.882,0.418,0.441,0.948,0.764,0.995,0.508,0.272,0.951,0.223,0.909,0.491,0.948,0.788,0.09,0.184,0.242,0.174,0.809,0.668,0.713,0.878,0.141,0.753,0.059,0.5,0.781,0.904,0.303,0.556,0.809,0.295,0.296,0.643,0.359,0.563,0.614,0.313,0.381,0.171,0.627,0.15,0.9,0.909,0.761,0.129,0.387,0.364,0.852,0.424,0.342,0.047,0.564,0.849,0.53,0.067,0.572,0.312,0.666,0.02,0.993,0.101,0.435,0.092,0.481,0.147,0.012,0.496,0.814,0.287,0.998,0.625,0.673,0.123,0.86,0.326,0.917,0.498,0.973,0.592,0.762,0.423,0.411,0.683,0.663,0.947,0.996,0.296,0.698,0.122,0.653,0.85,0.659,0.332,0.585,0.607,0.641,0.9,0.928,0.787,0.545,0.254,0.661
0.415,0.632,0.861,0.234,0.603,0.058,0.91,0.311,0.83,0.931,0.342,0.52,0.483,0.251,0.238,0.449,0.393,0.202,0.143,0.82,0.089,0.51,0.853,0.295,0.063,0.278,0.682,0.343,0.27,0.018,0.544,0.968,0.593,0.97,0.668,0.264,0.91,0.872,0.505,0.748,0.556,0.74,0.714,0.695,0.027,0.49,0.192,0.838,0.038,0.293,0.887,0.211,0.546,0.372,0.702,0.781,0.316,0.265,0.097,0.327,0.239,0.207,0.253,0.535,0.916,0.269,0.936,0.675,0.441,0.564,0.592,0.718,0.676,0.218,0.198,0.88,0.041,0.223,0.216,0.187,0.998,0.425,0.546,0.23,0.757,0.766,0.787,0.997,0.597,0.549,0.702,0.579,0.613,0.483,0.79,0.831,0.971,0.085,0.598,0.322,0.541,0.081,0.447,0.485,0.868,0.896,0.225,0.761,0.46,0.192,0.281,0.148,0.397,0.532,0.234,0.805,0.542,0.132,0.595,0.486,0.35,0.63,0.527,0.265,0.898,0.77,0.109,0.271
0.166,0.548,0.906,0.237,0.29,0.28,0.413,0.17,0.531,0.711,0.22,0.277,0.883,0.681,0.593,0.086,0.4,0.229,0.365,0.451,0.943,0.373,0.992,0.347,0.411,0.623,0.98,0.385,0.647,0.585,0.988,0.069,0.36,0.186,0.349,0.831,0.994,0.489,0.875,0.398,0.592,0.061,0.092,0.776,0.482,0.417,0.243,0.899,0.24,0.719,0.789,0.656,0.052,0.242,0.478,0.262,0.947,0.986,0.362,0.056,0.617,0.374,0.74,0.315,0.489,0.548,0.52,0.373,0.593,0.693,0.211,0.423,0.866,0.445,0.854,0.947,0.6,0.937,0.998,0.388,0.68,0.416,0.299,0.392,0.787,0.922,0.193,0.478,0.962,0.805,0.063,0.383,0.128,0.685,0.481,0.246,0.894,0.714,0.158,0.578,0.912,0.074,0.257,0.178,0.33,0.485,0.992,0.649,0.184,0.017,0.828,0.212,0.211,0.545,0.891,0.132,0.481,0.859,0.384,0.769,0.686,0.208,0.902,0.31,0.4,0.557,0.866,0.485
0.468,0.944,0.349,0.148,0.427,0.233,0.215,0.277,0.485,0.487,0.824,0.242,0.358,0.997,0.711,0.232,0.536,0.693,0.84,0.49,0.396,0.048,0.349,0.036,0.749,0.094,0.907,0.147,0.221,0.868,0.622,0.197,0.586,0.851,0.086,0.46,0.593,0.708,0.474,0.241,0.574,0.042,0.856,0.283,0.985,0.611,0.102,0.226,0.394,0.924,0.459,0.846,0.673,0.991,0.226,0.998,0.221,0.68,0.56,0.577,0.829,0.588,0.778,0.799,0.526,0.312,0.545,0.396,0.433,0.484,0.687,0.521,0.929,0.546,0.108,0.737,0.764,0.073,0.883,0.742,0.21,0.595,0.804,0.93,0.212,0.096,0.222,0.002,0.916,0.32,0.193,0.13,0.222,0.132,0.11,0.796,0.127,0.435,0.486,0.787,0.366,0.017,0.893,0.245,0.913,0.158,0.737,0.15,0.044,0.466,0.952,0.194,0.87,0.676,0.48,0.757,0.741,0.637,0.767,0.307,0.519,0.57,0.419,0.556,0.358,0.75,0.567,0.615
0.03,0.275,0.966,0.307,0.843,0.42,0.118,0.993,0.178,0.032,0.246,0.278,0.154,0.148,0.843,0.113,0.422,0.944,0.313,0.443,0.252,0.374,0.954,0.812,0.191,0.903,1.0,0.857,0.713,0.951,0.227,0.101,0.292,0.106,0.238,0.625,0.745,0.468,0.395,0.359,0.465,0.862,0.761,0.608,0.883,0.796,0.613,0.728,0.135,0.976,0.441,0.022,0.526,0.768,0.529,0.332,0.154,0.115,0.812,0.21,0.023,0.707,0.151,0.966,0.905,0.938,0.829,0.702,0.296,0.956,0.701,0.127,0.47,0.106,0.156,0.685,0.388,0.684,0.875,0.978,0.739,0.024,0.89,0.8,0.96,0.681,0.738,0.975,0.56,0.379,0.093,0.597,0.565,0.238,0.247,0.872,0.819,0.614,0.9,0.757,0.069,0.457,0.984,0.503,0.914,0.964,0.534,0.159,0.439,0.509,0.343,0.779,0.337,0.225,0.521,0.432,0.716,0.114,0.804,0.055,0.567,0.746,0.737,0.372,0.413,0.609,0.393,0.081
0.169,0.052,0.777,0.362,0.323,0.786,0.634,0.609,0.654,0.537,0.366,0.036,0.348,0.539,0.776,0.724,0.887,0.895,0.482,0.946,0.959,0.703,0.221,0.3,0.713,0.743,0.561,0.412,0.56,0.36,0.275,0.685,0.791,0.085,0.644,0.279,0.586,0.165,0.084,0.862,0.385,0.552,0.56,0.369,0.186,0.725,0.981,0.998,0.203,0.684,0.446,0.942,0.535,0.017,0.671,0.11,0.344,0.06,0.09,0.942,0.389,0.502,0.549,0.271,0.109,0.191,0.144,0.195,0.94,0.996,0.236,0.098,0.007,0.661,0.6,0.217,0.328,0.024,0.974,0.837,0.081,0.006,0.637,0.32,0.603,0.769,0.216,0.205,0.035,0.162,0.64,0.033,0.771,0.02,0.593,0.959,0.505,0.672,0.251,0.601,0.478,0.447,0.517,0.949,0.33,0.162,0.854,0.261,0.08,0.068,0.746,0.101,0.704,0.039,0.532,0.022,0.008,0.62,0.232,0.1,0.451,0.905,0.313,0.791,0.199,0.388,0.549,0.108
0.701,0.02,0.705,0.912,0.406,0.604,0.487,0.573,0.741,0.767,0.909,0.815,0.907,0.669,0.102,0.182,0.951,0.097,0.252,0.248,0.752,0.664,0.23,0.999,0.274,0.069,0.48,0.718,0.536,0.565,0.822,0.474,0.778,0.229,0.448,0.966,0.743,0.902,0.707,0.783,0.329,0.376,0.007,0.755,0.297,0.041,0.166,0.087,0.272,0.055,0.114,0.459,0.212,0.985,0.747,0.29,0.504,0.561,0.722,0.296,0.781,0.449,0.284,0.08,0.138,0.908,0.995,0.531,0.486,0.097,0.103,0.022,0.034,0.478,0.922,0.224,0.074,0.034,0.48,0.466,0.361,0.299,0.604,0.623,0.642,0.304,0.254,0.088,0.924,0.584,0.545,0.203,0.641,0.366,0.322,0.697,0.098,0.615,0.849,0.505,0.5,0.327,0.442,0.518,0.792,0.404,0.451,0.463,0.652,0.148,0.665,0.48,0.986,0.467,0.665,0.544,0.265,0.642,0.543,0.999,0.377,0.391,0.866,0.032,0.529,0.831,0.978,0.293
0.541,0.212,0.4,0.319,0.581,0.915,0.248,0.792,0.297,0.998,0.95,0.259,0.702,0.788,0.082,0.363,0.273,0.644,0.212,0.731,0.32,0.765,0.402,0.069,0.108,0.413,0.148,0.605,0.403,0.304,0.447,0.473,0.887,0.476,0.422,0.19,0.0,0.769,0.42,0.735,0.96,0.238,0.377,0.783,0.982,0.926,0.015,0.466,0.988,0.456,0.767,0.355,0.291,0.281,0.458,0.121,0.98,0.834,0.055,0.142,0.696,0.123,0.042,0.281,0.97,0.593,0.551,0.851,0.423,0.301,0.158,0.98,0.812,0.431,0.002,0.253,0.647,0.801,0.646,0.033,0.66,0.539,0.982,0.988,0.702,0.202,0.035,0.444,0.75,0.549,0.339,0.871,0.501,0.133,0.016,0.939,0.117,0.057,0.902,0.153,0.468,0.453,0.086,0.277,0.422,0.24,0.61,0.66,0.681,0.401,0.491,0.36,0.966,0.619,0.7,0.887,0.009,0.431,0.37,0.93,0.492,0.45,0.151,0.651,0.545,0.262,0.404,0.995
0.2,0.896,0.125,0.278,0.43,0.495,0.293,0.175,0.913,0.699,0.937,0.541,0.078,0.315,0.61,0.56,0.224,0.724,0.869,0.276,0.061,0.903,0.022,0.936,0.324,0.906,0.276,0.457,0.24,0.23,0.446,0.948,0.668,0.197,0.897,0.521,0.699,0.739,0.044,0.573,0.311,0.81,0.428,0.435,0.359,0.018,0.899,0.112,0.307,0.418,0.478,0.584,0.228,0.133,0.386,0.506,0.308,0.31,0.155,0.553,0.598,0.969,0.549,0.931,0.63,0.282,0.102,0.969,0.449,0.291,0.281,0.131,0.556,0.51,0.821,0.065,0.178,0.179,0.861,0.676,0.125,0.25,0.499,0.218,0.539,0.483,0.469,0.179,0.936,0.938,0.988,0.534,0.685,0.798,0.039,0.777,0.332,0.719,0.881,0.361,0.729,0.674,0.511,0.015,0.576,0.665,0.063,0.946,0.642,0.549,0.475,0.139,0.229,0.666,0.865,0.311,0.243,0.534,0.648,0.638,0.31,0.145,0.272,0.109,0.561,0.996,0.053,0.708
0.493,0.739,0.095,0.216,0.333,0.582,0.318,0.445,0.652,0.806,0.615,0.591,0.398,0.384,0.362,0.377,0.127,0.155,0.32,0.82,0.947,0.221,0.719,0.443,0.212,0.613,0.847,0.368,0.948,0.588,0.877,0.489,0.208,0.079,0.723,0.371,0.34,0.376,0.994,0.34,0.825,0.242,0.99,0.444,0.793,0.091,0.879,0.547,0.347,0.492,0.823,0.348,0.432,0.808,0.873,0.45,0.028,0.183,0.774,0.106,0.766,0.808,0.218,0.609,0.501,0.056,0.896,0.763,0.577,0.021,0.523,0.549,0.307,0.47,0.923,0.753,0.174,0.946,0.107,0.244,0.511,0.397,0.815,0.712,0.869,0.824,0.749,0.118,0.843,0.966,0.763,0.63,0.175,0.995,0.094,0.862,0.747,0.784,0.979,0.973,0.236,0.329,0.81,0.281,0.286,0.917,0.3,0.775,0.588,0.832,0.975,0.48,0.966,0.632,0.672,0.45,0.305,0.129,0.076,0.517,0.418,0.476,0.165,0.678,0.6,0.622,0.917,0.731
0.283,0.59,0.603,0.477,0.204,0.03,0.413,0.399,0.64,0.028,0.137,0.563,0.698,0.167,0.981,0.799,0.337,0.334,0.26,0.371,0.333,0.92,0.223,0.659,0.696,0.06,0.396,0.789,0.453,0.106,0.636,0.18,0.487,0.408,0.096,0.576,0.977,0.923,0.555,0.357,0.687,0.046,0.911,0.893,0.143,0.445,0.399,0.897,0.909,0.108,0.318,0.507,0.087,0.698,0.973,0.582,0.432,0.878,0.019,0.444,0.4,0.247,0.022,0.214,0.696,0.933,0.086,0.704,0.614,0.858,0.059,0.351,0.332,0.076,0.788,0.471,0.33,0.693,0.091,0.025,0.354,0.52,0.089,0.939,0.542,0.879,0.945,0.934,0.399,0.507,0.029,0.663,0.446,0.419,0.569,0.18,0.358,0.627,0.111,0.87,0.165,0.165,0.711,0.646,0.904,0.619,0.144,0.257,0.824,0.474,0.779,0.438,0.713,0.465,0.34,0.89,0.401,0.785,0.743,0.303,0.917,0.082,0.171,0.766,0.568,0.757,0.142,0.567
0.107,0.624,0.618,0.906,0.791,0.393,0.528,0.236,0.807,0.938,0.285,0.362,0.266,0.552,0.11,0.05,0.753,0.881,0.443,0.281,0.445,0.576,0.528,0.083,0.564,0.846,0.817,0.615,0.934,0.482,0.291,0.991,0.288,0.593,0.566,0.107,0.515,0.085,0.813,0.639,0.074,0.205,0.541,0.374,0.347,0.998,0.908,0.698,0.046,0.317,0.334,0.871,0.468,0.363,0.922,0.187,0.481,0.44,0.329,0.836,0.192,0.091,0.855,0.727,0.853,0.07,0.487,0.172,0.544,0.371,0.77,0.19,0.88,0.256,0.242,0.954,0.801,0.451,0.897,0.99,0.996,0.557,0.309,0.213,0.214,0.003,0.602,0.561,0.954,0.198,0.231,0.822,0.991,0.489,0.546,0.47,0.348,0.033,0.956,0.999,0.987,0.408,0.171,0.791,0.108,0.41,0.429,0.032,0.293,0.196,0.466,0.57,0.235,0.212,0.688,0.77,0.69,0.528,0.739,0.986,0.971,0.664,0.863,0.897,0.261,0.88,0.236,0.023
0.637,0.432,0.004,0.692,0.645,0.698,0.258,0.878,0.874,0.739,0.533,0.761,0.014,0.331,0.229,0.799,0.574,0.688,0.928,0.141,0.909,0.997,0.383,0.64,0.328,0.989,0.832,0.877,0.381,0.236,0.671,0.965,0.445,0.745,0.053,0.311,0.649,0.973,0.926,0.723,0.172,0.982,0.075,0.589,0.31,0.216,0.833,0.074,0.056,0.271,0.321,0.071,0.678,0.731,0.403,0.41,0.21,0.492,0.065,0.027,0.534,0.895,0.437,0.179,0.848,0.115,0.732,0.098,0.097,0.626,0.287,0.197,0.484,0.831,0.658,0.072,0.922,0.479,0.586,0.102,0.071,0.877,0.758,0.098,0.263,0.715,0.717,0.754,0.404,0.793,0.641,0.648,0.457,0.508,0.264,0.095,0.874,0.355,0.875,0.163,0.056,0.698,0.629,0.824,0.758,0.266,0.297,0.471,0.253,0.442,0.593,0.382,0.76,0.317,0.91,0.03,0.504,0.409,0.62,0.467,0.611,0.788,0.169,0.441,0.746,0.659,0.17,0.131
0.236,0.92,0.232,0.372,0.58,0.961,0.958,0.347,0.225,0.171,0.612,0.841,0.364,0.21,0.987,0.123,0.01,0.696,0.239,0.059,0.912,0.926,0.962,0.556,0.595,0.863,0.327,0.381,0.952,0.099,0.836,0.643,0.526,0.254,0.982,0.186,0.892,0.039,0.373,0.492,0.763,0.467,0.731,0.412,0.8,0.894,0.308,0.084,0.439,0.838,0.239,0.824,0.715,0.452,0.031,0.4,0.015,0.439,0.414,0.944,0.467,0.808,0.509,0.816,0.93,0.886,0.457,0.303,0.871,0.696,0.245,0.949,0.22,0.544,0.885,0.146,0.196,0.233,0.24,0.598,0.985,0.487,0.154,0.79,0.354,0.606,0.107,0.414,0.659,0.273,0.247,0.564,0.373,0.902,0.98,0.477,0.993,0.963,0.265,0.812,0.821,0.091,0.885,0.426,0.074,0.022,0.326,0.199,0.718,0.998,0.022,0.845,0.839,0.086,0.942,0.822,0.244,0.984,0.141,0.279,0.706,0.086,0.455,0.679,0.385,0.693,0.799,0.895
0.948,0.156,0.95,0.213,0.768,0.834,0.019,0.91,0.414,0.163,0.981,0.686,0.053,0.994,0.279,0.239,0.908,0.439,0.6,0.01,0.825,0.302,0.78,0.426,0.842,0.609,0.787,0.496,0.297,0.953,0.189,0.049,0.542,0.56,0.286,0.031,0.197,0.406,0.577,0.525,0.691,0.26,0.634,0.774,0.55,0.855,0.758,0.534,0.862,0.023,0.693,0.469,0.144,0.642,0.549,0.8,0.688,0.28,0.237,0.415,0.753,0.14,0.409,0.833,0.38,0.127,0.395,0.984,0.101,0.182,0.083,0.971,0.686,0.896,0.12,0.464,0.142,0.958,0.183,0.397,0.478,0.295,0.851,0.822,0.123,0.59,0.612,0.586,0.507,0.616,0.622,0.927,0.655,0.813,0.758,0.549,0.397,0.599,0.185,0.121,0.74,0.004,0.527,0.603,0.092,0.691,0.686,0.749,0.701,0.085,0.348,0.134,0.244,0.405,0.244,0.438,0.811,0.938,0.552,0.73,0.329,0.264,0.134,0.799,0.91,0.274,0.982,0.817
0.843,0.665,0.454,0.931,0.694,0.256,0.864,0.171,0.405,0.52,0.494,0.775,0.71,0.37,0.904,0.515,0.579,0.743,0.61,0.371,0.068,0.843,0.012,0.961,0.08,0.709,0.668,0.98,0.146,0.533,0.331,0.274,0.85,0.629,0.428,0.528,0.187,0.555,0.259,0.964,0.679,0.012,0.538,0.007,0.539,0.247,0.643,0.041,0.109,0.73,0.629,0.319,0.792,0.007,0.247,0.873,0.619,0.445,0.224,0.841,0.807,0.245,0.738,0.478,0.887,0.485,0.886,0.022,0.522,0.943,0.244,0.233,0.325,0.316,0.199,0.455,0.204,0.907,0.49,0.187,0.015,0.144,0.413,0.691,0.595,0.162,0.888,0.519,0.076,0.209,0.746,0.691,0.951,0.03,0.258,0.53,0.366,0.819,0.157,0.738,0.467,0.897,0.951,0.593,0.382,0.419,0.875,0.186,0.862,0.464,0.223,0.067,0.28,0.995,0.937,0.674,0.228,0.47,0.097,0.533,0.839,0.937,0.756,0.097,0.996,0.223,0.124,0.406
0.753,0.578,0.89,0.966,0.01,0.168,0.967,0.635,0.112,0.123,0.922,0.049,0.73,0.726,0.556,0.291,0.507,0.722,0.309,0.673,0.73,0.323,0.97,0.671,0.784,0.616,0.274,0.894,0.439,0.213,0.576,0.913,0.079,0.152,0.618,0.075,0.795,0.887,0.407,0.221,0.944,0.345,0.913,0.056,0.659,0.389,0.91,0.337,0.584,0.274,0.001,0.162,0.858,0.145,0.79,0.827,0.561,0.296,0.569,0.458,0.845,0.616,0.3,0.484,0.95,0.844,0.449,0.87,0.315,0.222,0.179,0.492,0.886,0.904,0.024,0.245,0.113,0.456,0.43,0.545,0.872,0.096,0.111,0.103,0.154,0.215,0.46,0.986,0.225,0.677,0.001,0.128,0.539,0.966,0.764,0.741,0.802,0.865,0.756,0.542,0.272,0.375,0.599,0.051,0.648,0.275,0.846,0.284,0.092,0.09,0.357,0.386,0.677,0.618,0.803,0.077,0.69,0.739,0.044,0.546,0.92,0.522,0.859,0.157,0.745,0.539,0.162,0.967
0.932,0.88,0.903,0.681,0.4,0.606,0.505,0.386,0.491,0.985,0.495,0.137,0.789,0.952,0.586,0.174,0.818,0.309,0.096,0.398,0.557,0.338,0.244,0.435,0.259,0.049,0.894,0.142,0.223,0.352,0.189,0.261,0.477,0.07,0.178,0.941,0.425,0.51,0.763,0.525,0.902,0.034,0.344,0.4,0.603,0.357,0.85,0.401,0.917,0.025,0.95,0.335,0.058,0.225,0.201,0.572,0.646,0.547,0.008,0.176,0.187,0.071,0.731,0.625,0.205,0.997,0.132,0.301,0.19,0.097,0.135,0.051,0.458,0.073,0.331,0.774,0.484,0.035,0.803,0.778,0.812,0.621,0.793,0.298,0.982,0.689,0.682,0.825,0.908,0.092,0.398,0.687,0.434,0.362,0.746,0.698,0.793,0.101,0.58,0.005,0.112,0.394,0.475,0.978,0.647,0.556,0.621,0.563,0.945,0.452,0.408,0.408,0.583,0.512,0.644,0.077,0.792,0.813,0.032,0.517,0.726,0.381,0.7,0.447,0.733,0.479,0.724,0.637
0.696,0.708,0.712,0.905,0.572,0.932,0.791,0.614,0.335,0.923,0.258,0.254,0.887,0.841,0.001,0.688,0.973,0.729,0.534,0.423,0.135,0.111,0.146,0.924,0.076,0.525,0.888,0.43,0.803,0.388,0.442,0.885,0.731,0.75,0.549,0.222,0.685,0.002,0.848,0.278,0.955,0.788,0.13,0.051,0.048,0.63,0.227,0.279,0.302,0.18,0.559,0.231,0.184,0.248,0.41,0.62,0.982,0.86,0.779,0.148,0.537,0.747,0.043,0.59,0.616,0.117,0.258,0.083,0.024,0.405,0.286,0.194,0.692,0.129,0.775,0.751,0.209,0.918,0.274,0.576,0.105,0.681,0.493,0.702,0.081,0.433,0.536,0.906,0.544,0.441,0.585,0.022,0.856,0.812,0.078,0.763,0.51,0.503,0.535,0.631,0.821,0.184,0.778,0.627,0.297,0.956,0.192,0.942,0.141,0.984,0.066,0.149,0.226,0.775,0.243,0.692,0.225,0.933,0.376,0.955,0.744,0.523,0.912,0.978,0.238,0.813,0.781,0.658
0.844,0.462,0.692,0.069,0.485,0.655,0.359,0.916,0.385,0.526,0.008,0.992,0.108,0.965,0.321,0.152,0.05,0.262,0.919,0.882,0.739,0.728,0.177,0.915,0.278,0.381,0.039,0.867,0.052,0.721,0.216,0.049,0.574,0.656,0.811,0.338,0.131,0.781,0.974,0.083,0.092,0.541,0.246,0.554,0.727,0.707,0.24,0.158,0.741,0.712,0.552,0.104,0.023,0.56,0.333,0.406,0.578,0.152,0.639,0.922,0.28,0.755,0.763,0.643,0.867,0.776,0.809,0.623,0.221,0.203,0.695,0.363,0.791,0.387,0.695,0.567,0.523,0.677,0.477,0.149,0.927,0.899,0.036,0.648,0.045,0.141,0.845,0.235,0.924,0.492,0.762,0.775,0.944,0.417,0.517,0.616,0.724,0.222,0.642,0.783,0.901,0.877,0.05,0.342,0.645,0.567,0.95,0.325,0.361,0.749,0.034,0.779,0.038,0.312,0.825,0.493,0.569,0.19,0.011,0.013,0.288,0.81,0.392,0.643,0.648,0.288,0.923,0.84
0.332,0.12,0.711,0.392,0.806,0.044,0.364,0.274,0.627,0.443,0.143,0.735,0.979,0.422,0.015,0.703,0.997,0.506,0.195,0.68,0.989,0.184,0.682,0.88,0.552,0.991,0.402,0.828,0.106,0.394,0.467,0.351,0.815,0.01,0.495,0.012,0.595,0.449,0.695,0.13,0.55,0.289,0.302,0.212,0.526,0.584,0.099,0.329,0.374,0.987,0.581,0.293,0.698,0.907,0.589,0.773,0.216,0.686,0.789,0.389,0.161,0.362,0.106,0.779,0.874,0.746,0.497,0.301,0.246,0.18,0.786,0.526,0.009,0.471,0.003,0.391,0.308,0.207,0.727,0.068,0.388,0.114,0.714,0.889,0.876,0.944,0.248,0.641,0.793,0.473,0.961,0.672,0.987,0.457,0.541,0.246,0.466,0.403,0.979,0.525,0.551,0.439,0.718,0.896,0.89,0.604,0.239,0.306,0.311,0.66,0.805,0.238,0.635,0.008,0.77,0.743,0.037,0.609,0.68,0.357,0.632,0.073,0.717,0.525,0.73,0.064,0.964,0.135
0.865,0.4,0.51,0.621,0.022,0.994,0.462,0.634,0.694,0.994,0.875,0.823,0.632,0.797,0.184,0.045,0.085,0.47,0.533,0.222,0.192,0.071,0.137,0.519,0.386,0.071,0.046,0.173,0.932,0.079,0.12,0.212,0.93,0.707,0.144,0.97,0.586,0.638,0.154,0.547,0.421,0.748,0.944,0.679,0.712,0.732,0.995,0.172,0.27,0.539,0.2,0.937,0.136,0.758,0.895,0.214,0.822,0.411,0.66,0.745,0.407,0.356,0.565,0.593,0.327,0.94,0.945,0.158,0.225,0.871,0.148,0.904,0.837,0.121,0.6,0.477,0.059,0.314,0.285,0.888,0.951,0.551,0.216,0.358,0.816,0.801,0.713,0.104,0.445,0.553,0.761,0.773,0.741,0.229,0.847,0.306,0.865,0.618,0.338,0.159,0.966,0.078,0.687,0.397,0.895,0.919,0.137,0.333,0.578,0.08,0.158,0.527,0.981,0.527,0.193,0.317,0.541,0.967,0.999,0.11,0.465,0.162,0.675,0.555,0.548,0.2,0.426,0.118
0.076,0.266,0.829,0.921,0.416,0.714,0.023,0.279,0.828,0.651,0.461,0.88,0.396,0.465,0.379,0.374,0.428,0.532,0.073,0.003,0.035,0.945,0.041,0.66,0.744,0.148,0.91,0.95,0.043,0.496,0.834,0.967,0.566,0.301,0.172,0.943,0.126,0.449,0.226,0.196,0.605,0.063,0.88,0.617,0.67,0.305,0.408,0.294,0.606,0.368,0.183,0.178,0.754,0.246,0.489,0.2,0.591,0.205,0.269,0.026,0.029,0.379,0.803,0.366,0.903,0.649,0.072,0.535,0.554,0.944,0.66,0.828,0.82,0.76,0.543,0.995,0.528,0.901,0.262,0.704,0.864,0.28,0.053,0.539,0.113,0.891,0.861,0.176,0.169,0.304,0.061,0.72,0.547,0.629,0.826,0.028,0.526,0.001,0.708,0.67,0.624,0.549,0.174,0.07,0.717,0.524,0.49,0.425,0.659,0.212,0.08,0.046,0.362,0.158,0.419,0.162,0.726,0.26,0.739,0.083,0.378,0.283,0.346,0.604,0.036,0.429,0.47,0.344
0.727,0.263,0.448,0.503,0.009,0.126,0.881,0.267,0.524,0.005,0.016,0.691,0.394,0.357,0.62,0.014,0.279,0.927,0.604,0.633,0.988,0.251,0.514,0.09,0.571,0.101,0.766,0.672,0.5,0.337,0.695,0.185,0.788,0.863,0.291,0.818,0.975,0.487,0.883,0.948,0.092,0.997,0.609,0.888,0.07,0.535,0.801,0.912,0.617,0.912,0.445,0.89,0.459,0.471,0.57,0.987,0.618,0.933,0.719,0.589,0.756,0.095,0.829,0.491,0.891,0.742,0.66,0.899,0.129,0.314,0.858,0.775,0.664,0.212,0.53,0.066,0.308,0.189,0.954,0.041,0.103,0.035,0.54,0.791,0.107,0.653,0.268,0.129,0.009,0.047,0.219,0.978,0.126,0.41,0.222,0.083,0.07,0.49,0.044,0.772,0.363,0.939,0.233,0.713,0.477,0.849,0.829,0.149,0.195,0.248,0.923,0.452,0.71,0.371,0.947,0.42,0.186,0.788,0.259,0.888,0.78,0.618,0.368,0.632,0.863,0.263,0.116,0.695
0.834,0.818,0.491,0.071,0.008,0.857,0.117,0.128,0.653,0.439,0.202,0.697,0.639,0.677,0.96,0.095,0.107,0.695,0.604,0.242,0.039,0.473,1.0,0.879,0.277,0.321,0.755,0.455,0.952,0.182,0.787,0.264,0.308,0.472,0.441,0.972,0.928,0.798,0.182,0.238,0.055,0.828,0.155,0.346,0.51,0.003,0.245,0.307,0.283,0.911,0.208,0.597,0.966,0.968,0.482,0.908,0.093,0.578,0.97,0.454,0.906,0.296,0.111,0.611,0.166,0.596,0.104,0.007,0.092,0.076,0.33,0.007,0.944,0.873,0.936,0.019,0.34,0.787,0.324,0.733,0.404,0.41,0.039,0.39,0.101,0.994,0.615,0.263,0.723,0.222,0.393,0.701,0.129,0.794,0.375,0.314,0.427,0.13,0.161,0.752,0.423,0.207,0.827,0.262,0.059,0.657,0.087,0.432,0.955,0.616,0.482,0.379,0.693,0.574,0.113,0.751,0.164,0.937,0.557,0.622,0.2,0.345,0.903,0.077,0.258,0.604,0.749,0.209
0.865,0.312,0.942,0.216,0.206,0.159,0.66,0.58,0.069,0.403,0.077,0.959,0.262,0.386,0.419,0.557,0.798,0.088,0.755,0.899,0.788,0.326,0.274,0.177,0.019,0.608,0.337,0.354,0.011,0.107,0.607,0.686,0.147,0.068,0.707,0.484,0.619,0.307,0.478,0.384,0.744,0.37,0.045,0.502,0.916,0.33,0.741,0.412,0.726,0.646,0.435,0.046,0.542,0.456,0.002,0.769,0.931,0.933,0.017,0.612,0.973,0.47,0.027,0.778,0.46,0.06,0.512,0.371,0.616,0.257,0.817,0.806,0.85,0.93,0.978,0.662,0.911,0.218,0.965,0.869,0.929,0.723,0.269,0.854,0.749,0.541,0.677,0.146,0.739,0.463,0.825,0.349,0.128,0.664,0.403,0.124,0.612,0.364,0.786,0.485,0.146,0.218,0.071,0.722,0.174,0.118,0.785,0.545,0.681,0.279,0.514,0.141,0.567,0.288,0.496,0.559,0.574,0.553,0.833,0.026,0.543,0.671,0.648,0.387,0.385,0.744,0.377,0.735
0.56,0.134,0.723,0.246,0.519,0.353,0.318,0.983,0.4,0.315,0.864,0.788,0.975,0.275,0.542,0.176,0.348,0.943,0.226,0.267,0.3,0.46,0.146,0.615,0.586,0.959,0.97,0.584,0.505,0.755,0.182,0.6,0.607,0.555,0.131,0.493,0.273,0.912,0.932,0.861,0.099,0.723,0.576,0.836,0.086,0.471,0.375,0.178,0.62,0.245,0.623,0.536,0.235,0.716,0.986,0.645,0.415,0.568,0.578,0.847,0.691,0.039,0.893,0.682,0.145,0.251,0.824,0.622,0.853,0.65,0.181,0.147,0.842,0.024,0.87,0.569,0.205,0.466,0.434,0.637,0.981,0.355,0.824,0.998,0.817,0.688,0.733,0.711,0.695,0.826,0.354,0.196,0.156,0.866,0.359,0.434,0.701,0.064,0.204,0.583,0.608,0.708,0.443,0.458,0.936,0.548,0.434,0.62,0.437,0.213,0.883,0.392,0.882,0.029,0.108,0.377,0.799,0.494,0.826,0.445,0.834,0.639,0.118,0.856,0.283,0.745,0.097,0.948
0.595,0.788,0.07,0.19,0.942,0.682,0.886,0.918,0.065,0.939,0.797,0.944,0.863,0.266,0.927,0.294,0.8,0.398,0.732,0.937,0.046,0.663,0.758,0.255,0.512,0.87,0.056,0.482,0.201,0.438,0.351,0.14,0.899,0.693,0.723,0.697,0.364,0.234,0.48,0.801,0.86,0.386,0.251,0.681,0.462,0.609,0.987,0.055,0.442,0.649,0.46,0.339,0.479,0.053,0.988,0.62,0.365,0.983,0.486,0.106,0.929,0.38,0.099,0.721,0.041,0.901,0.11,0.74,0.661,0.762,0.861,0.428,0.104,0.708,0.552,0.548,0.691,0.688,0.634,0.403,0.091,0.744,0.163,0.444,0.535,0.346,0.434,0.727,0.092,0.699,0.632,0.581,0.91,0.45,0.965,0.95,0.117,0.104,0.417,0.521,0.014,0.074,0.597,0.355,0.757,0.677,0.66,0.571,0.579,0.878,0.068,0.862,0.959,0.945,0.135,0.565,0.818,0.856,0.763,0.566,0.844,0.924,0.582,0.467,0.56,0.693,0.55,0.265
0.65,0.098,0.148,0.211,0.943,0.083,0.18,0.618,0.066,0.547,0.148,0.585,0.654,0.523,0.869,0.34,0.313,0.144,0.379,0.448,0.117,0.585,0.212,0.382,0.771,0.305,0.227,0.472,0.922,0.092,0.147,0.461,0.636,0.356,0.473,0.922,0.779,0.376,0.564,0.814,0.268,0.409,0.56,0.978,0.376,0.946,0.267,0.03,0.345,0.604,0.367,0.061,0.719,0.753,0.131,0.327,0.528,0.895,0.128,0.241,0.182,0.206,0.143,0.182,0.713,0.615,0.903,0.581,0.23,0.573,0.84,0.82,0.271,0.748,0.592,0.715,0.323,0.587,0.342,0.098,0.218,0.772,0.279,0.837,0.24,0.633,0.47,0.83,0.119,0.804,0.17,0.358,0.287,0.184,0.781,0.297,0.314,0.918,0.25,0.02,0.595,0.859,0.595,0.328,0.16,0.403,0.039,0.466,0.805,0.02,0.536,0.12,0.26,0.314,0.045,0.45,0.555,0.546,0.115,0.6,0.669,0.651,0.146,0.759,0.741,0.85,0.97,0.988
0.527,0.596,0.795,0.311,0.83,0.139,0.728,0.23,0.425,0.276,0.683,0.033,0.192,0.905,0.02,0.574,0.402,0.088,0.887,0.867,0.76,0.771,0.676,0.241,0.67,0.499,0.046,0.507,0.28,0.03,0.78,0.969,0.053,0.376,0.976,0.302,0.595,0.384,0.523,0.187,0.401,0.288,0.569,0.399,0.725,0.164,0.52,0.169,0.325,0.926,0.301,0.072,0.625,0.876,0.758,0.308,0.096,0.863,0.928,0.494,0.144,0.979,0.644,0.11,0.974,0.838,0.428,0.137,0.041,0.697,0.244,0.347,0.283,0.302,0.223,0.517,0.487,0.688,0.631,0.524,0.574,0.21,0.632,0.106,0.968,0.889,0.96,0.086,0.776,0.372,0.834,0.811,0.777,0.563,0.946,0.225,0.211,0.751,0.566,0.72,0.343,0.371,0.521,0.639,0.157,0.232,0.876,0.729,0.476,0.891,0.741,0.597,0.05,0.378,0.949,0.104,0.652,0.851,0.346,0.5,0.502,0.439,0.427,0.184,0.534,0.435,0.837,0.862
0.476,0.593,0.517,0.943,0.614,0.509,0.294,0.514,0.797,0.908,0.97,0.637,0.781,0.698,0.815,0.817,0.278,0.852,0.14,0.874,0.89,0.346,0.285,0.24,0.455,0.503,0.384,0.925,0.723,0.767,0.118,0.216,0.073,0.24,0.275,0.444,0.225,0.765,0.244,0.146,0.2,0.225,0.618,0.87,0.374,0.101,0.512,0.998,0.064,0.599,0.18,0.404,0.887,0.773,0.965,0.538,0.054,0.393,0.983,0.307,0.969,0.347,0.213,0.945,0.315,0.311,0.215,0.203,0.33,0.422,0.127,0.789,0.431,0.188,0.077,0.231,0.977,0.568,0.84,0.534,0.542,0.689,0.835,0.48,0.396,0.622,0.866,0.562,0.363,0.66,0.665,0.816,0.333,0.248,0.412,0.665,0.153,0.72,0.701,0.129,0.239,0.497,0.388,0.877,0.997,0.168,0.096,0.294,0.341,0.419,0.168,0.553,0.717,0.299,0.373,0.576,0.458,0.342,0.361,0.395,0.188,0.226,0.409,0.479,0.312,0.178,0.092,0.579
0.711,0.71,0.137,0.664,0.886,0.192,0.48,0.155,0.347,0.068,0.448,0.952,0.209,0.906,0.527,0.43,0.07,0.255,0.784,0.084,0.455,0.893,0.412,0.971,0.049,0.953,0.905,0.978,0.871,0.709,0.546,0.095,0.066,0.934,0.684,0.34,0.759,0.22,0.941,0.89,0.636,0.133,0.364,0.944,0.717,0.163,0.624,0.274,0.857,0.28,0.083,1.0,0.383,0.612,0.069,0.116,0.8,0.33,0.333,0.383,0.418,0.205,0.903,0.531,0.852,0.424,0.632,0.41,0.41,0.389,0.036,0.449,0.516,0.528,0.822,0.337,0.623,0.493,0.906,0.239,0.459,0.958,0.647,0.567,0.332,0.782,0.781,0.404,0.187,0.343,0.11,0.014,0.869,0.181,0.355,0.959,0.098,0.222,0.496,0.224,0.805,0.968,0.815,0.704,0.79,0.754,0.173,0.33,0.883,0.304,0.714,0.521,0.207,0.89,0.152,0.11,0.025,0.384,0.409,0.885,0.415,0.541,0.544,0.173,0.229,0.852,0.143,0.125
0.971,0.773,0.741,0.259,0.988,0.883,0.746,0.266,0.572,0.736,0.855,0.996,0.683,0.945,0.722,0.091,0.542,0.261,0.121,0.175,0.143,0.158,0.114,0.611,0.247,0.512,0.142,0.192,0.469,0.099,0.164,0.233,0.789,0.896,0.693,0.282,0.207,0.536,0.025,0.605,0.718,0.039,0.083,0.875,0.496,0.207,0.138,0.304,0.402,0.319,0.744,0.981,0.967,0.383,0.267,0.136,0.286,0.835,0.292,0.556,0.442,0.451,0.655,0.461,0.102,0.628,0.247,0.466,0.731,0.335,0.46,0.415,0.967,0.99,0.956,0.316,0.385,0.311,0.571,0.327,0.466,0.12,0.199,0.464,0.803,0.142,0.719,0.296,0.339,0.552,0.934,0.562,0.252,0.189,0.546,0.426,0.484,0.239,0.651,0.459,0.238,0.399,0.846,0.349,0.294,0.833,0.722,0.399,0.911,0.469,0.438,0.859,0.785,0.197,0.55,0.888,0.509,0.984,0.568,0.124,0.42,0.738,0.174,0.007,0.852,0.457,0.455,0.938
0.755,0.372,0.339,0.933,0.674,0.573,0.101,0.321,0.369,0.837,0.158,0.781,0.998,0.147,0.279,0.179,0.706,0.463,0.55,0.548,0.39,0.511,0.138,0.428,0.946,0.555,0.934,0.039,0.832,0.596,0.542,0.165,0.512,0.648,0.373,0.889,0.196,0.962,0.36,0.82,0.337,0.729,0.426,0.734,0.401,0.494,0.185,0.838,0.843,0.595,0.211,0.417,0.532,0.794,0.691,0.809,0.952,0.03,0.448,0.099,0.22,0.185,0.056,0.465,0.437,0.122,0.345,0.787,0.481,0.631,0.882,0.141,0.727,0.037,0.356,0.431,0.7,0.927,0.641,0.561,0.805,0.816,0.315,0.575,0.598,0.427,0.08,0.988,0.792,0.465,0.004,0.027,0.689,0.428,0.673,0.876,0.976,0.124,0.479,0.291,0.956,0.976,0.848,0.657,0.997,0.481,0.466,0.258,0.62,0.269,0.648,0.183,0.221,0.599,0.918,0.323,0.961,0.021,0.724,0.133,0.769,0.093,0.068,0.381,0.045,0.93,0.307,0.167
0.637,0.01,0.805,0.68,0.566,0.646,0.617,0.417,0.005,0.796,0.654,0.814,0.127,0.878,0.807,0.877,0.123,0.813,0.069,0.207,0.475,0.739,0.539,0.355,0.551,0.321,0.339,0.029,0.07,0.814,0.957,0.223,0.257,0.319,0.534,0.324,0.971,0.245,0.206,0.197,0.532,0.535,0.47,0.336,0.583,0.321,0.458,0.332,0.077,0.473,0.606,0.434,0.806,0.314,0.232,0.179,0.383,0.393,0.189,0.805,0.057,0.466,0.533,0.818,0.788,0.81,0.65,0.091,0.605,0.209,0.177,0.217,0.655,0.902,0.952,0.227,0.781,0.657,0.209,0.068,0.723,0.185,0.925,0.701,0.906,0.471,0.08,0.913,0.107,0.187,0.489,0.309,0.401,0.529,0.918,0.626,0.979,0.1,0.098,0.7,0.301,0.928,0.656,0.939,0.267,0.64,0.205,0.497,0.594,0.466,0.864,0.101,0.062,0.119,0.079,0.1,0.111,0.258,0.424,0.078,0.175,0.27,0.282,0.965,0.186,0.991,0.877,0.168
0.852,0.554,0.457,0.192,0.485,0.409,0.363,0.693,0.006,0.135,0.163,0.215,0.163,0.813,0.533,0.402,0.28,0.405,0.654,0.84,0.229,0.267,0.742,0.194,0.076,0.341,0.239,0.768,0.158,0.626,0.48,0.126,0.39,0.071,0.185,0.608,0.843,0.651,0.873,0.453,0.56,0.273,0.532,0.857,0.68,0.635,0.1,0.549,0.225,0.514,0.629,0.1,0.311,0.495,0.619,0.061,0.304,0.951,0.63,0.85,0.728,0.541,0.895,0.159,0.013,0.102,0.046,0.716,0.232,0.603,0.802,0.448,0.708,0.79,0.929,0.449,0.44,0.464,0.04,0.551,0.968,0.381,0.393,0.463,0.494,0.841,0.323,0.389,0.729,0.46,0.491,0.466,0.195,0.824,0.791,0.667,0.268,0.916,0.455,0.175,0.975,0.371,0.546,0.4,0.727,0.988,0.271,0.645,0.688,0.217,0.81,0.044,0.765,0.567,0.69,0.868,0.071,0.633,0.234,0.563,0.014,0.299,0.849,0.605,0.838,0.219,0.924,0.233
0.631,0.366,0.921,0.691,0.46,0.848,0.429,0.421,0.253,0.919,0.732,0.073,0.984,0.235,0.962,0.469,0.456,0.141,0.476,0.255,0.177,0.536,0.719,0.36,0.858,0.223,0.928,0.54,0.704,0.712,0.826,0.815,0.091,0.816,0.839,0.712,0.272,0.608,0.043,0.427,0.852,0.813,0.322,0.845,0.817,0.961,0.981,0.789,0.444,0.262,0.85,0.257,0.749,0.434,0.128,0.198,0.759,0.316,0.057,0.679,0.803,0.201,0.487,0.319,0.777,0.186,0.901,0.179,0.365,0.529,0.481,0.453,0.451,0.93,0.065,0.365,0.146,0.105,0.935,0.578,0.395,0.856,0.761,0.195,0.569,0.364,0.527,0.974,0.326,0.294,0.718,0.777,0.309,0.005,0.542,0.0,0.432,0.853,0.09,0.516,0.69,0.769,0.126,0.902,0.73,0.053,0.064,0.24,0.095,0.618,0.401,0.207,0.515,0.216,0.258,0.254,0.237,0.083,0.004,0.481,0.032,0.271,0.143,0.983,0.608,0.926,0.221,1.0
0.046,0.634,0.109,0.684,0.878,0.038,0.801,0.067,0.306,0.669,0.326,0.414,0.017,0.116,0.7,0.982,0.278,0.735,0.016,0.791,0.761,0.852,0.704,0.309,0.812,0.971,0.946,0.933,0.486,0.268,0.088,0.737,0.389,0.2,0.309,0.89,0.612,0.97,0.192,0.188,0.379,0.313,0.453,0.343,0.692,0.714,0.124,0.334,0.676,0.893,0.781,0.851,0.061,0.818,0.021,0.806,0.324,0.251,0.642,0.336,0.549,0.629,0.155,0.89,0.815,0.021,0.967,0.128,0.839,0.681,0.977,0.381,0.61,0.344,0.617,0.868,0.007,0.581,0.304,0.238,0.243,0.567,0.815,0.787,0.204,0.702,0.936,0.27,0.779,0.351,0.801,0.121,0.673,0.287,0.194,0.056,0.543,0.902,0.476,0.468,0.575,0.679,0.747,0.798,0.469,0.003,0.48,0.6,0.99,0.844,0.651,0.322,0.997,0.788,0.143,0.597,0.736,0.127,0.207,0.922,0.33,0.09,0.015,0.706,0.657,0.642,0.332,0.483
0.312,0.878,0.037,0.507,0.658,0.619,0.517,0.489,0.922,0.764,0.297,0.78,0.22,0.706,0.457,0.806,0.128,0.766,0.267,0.408,0.699,0.472,0.253,0.972,0.822,0.301,0.857,0.143,0.934,0.471,0.592,0.326,0.053,0.85,0.626,0.945,0.913,0.659,0.884,0.177,0.661,0.723,0.147,0.061,0.36,0.155,0.956,0.73,0.636,0.622,0.333,0.192,0.905,0.092,0.709,0.981,0.565,0.36,0.025,0.324,0.098,0.864,0.788,0.588,0.164,0.469,0.351,0.709,0.335,0.219,0.917,0.654,0.679,0.707,0.332,0.686,0.345,0.233,0.789,0.655,0.428,0.207,0.814,0.342,0.411,0.479,0.341,0.655,0.15,0.871,0.097,0.334,0.208,0.213,0.93,0.868,0.03,0.639,0.225,0.875,0.274,0.002,0.653,0.633,0.589,0.79,0.271,0.317,0.302,0.987,0.789,0.4,0.058,0.487,0.64,0.219,0.349,0.971,0.203,0.061,0.558,0.287,0.304,0.666,0.335,0.474,0.694,0.466
0.747,0.72,0.35,0.219,0.925,0.749,0.686,0.393,0.353,0.404,0.156,0.206,0.853,0.04,0.413,0.204,0.482,0.99,0.704,0.337,0.229,0.122,0.198,0.567,0.131,0.774,0.061,0.019,0.778,0.452,0.284,0.564,0.332,0.234,0.254,0.242,0.179,0.877,0.011,0.64,0.265,0.856,0.465,0.803,0.24,0.665,0.837,0.878,0.586,0.943,0.577,0.49,0.169,0.899,0.032,0.491,0.186,0.563,0.51,0.05,0.633,0.479,0.627,0.417,0.799,0.361,0.951,0.797,0.816,0.974,0.514,0.696,0.955,0.114,0.377,0.083,0.469,0.09,0.449,0.053,0.162,0.403,0.372,0.124,0.247,0.157,0.086,0.843,0.951,0.515,0.323,0.711,0.889,0.259,0.701,0.74,0.18,0.839,0.13,0.779,0.836,0.337,0.999,0.654,0.83,0.048,0.211,0.013,0.189,0.923,0.276,0.978,0.9,0.432,0.175,0.638,0.857,0.279,0.16,0.174,0.934,0.724,0.676,0.616,0.417,0.57,0.582,0.412
0.11,0.739,0.522,0.07,0.813,0.633,0.606,0.94,0.683,0.129,0.403,0.159,0.34,0.665,0.145,0.639,0.333,0.213,0.91,0.72,0.702,0.51,0.171,0.781,0.656,0.815,0.76,0.735,0.854,0.082,0.62,0.217,0.964,0.557,0.213,0.104,0.453,0.983,0.486,0.264,0.574,0.948,0.146,0.213,0.175,0.179,0.543,0.287,0.031,0.739,0.54,0.881,0.399,0.055,0.082,0.863,0.294,0.718,0.79,0.902,0.525,0.251,0.285,0.871,0.424,0.128,0.97,0.016,0.682,0.832,0.721,0.451,0.816,0.642,0.513,0.162,0.77,0.94,0.159,0.092,0.904,0.583,0.873,0.313,0.333,0.52,0.216,0.165,0.756,0.097,0.026,0.238,0.284,0.309,0.204,0.5,0.801,0.504,0.43,0.038,0.394,0.196,0.397,0.445,0.817,0.088,0.484,0.611,0.172,0.991,0.884,0.049,0.024,0.603,0.66,0.835,0.502,0.869,0.807,0.812,0.259,0.609,0.358,0.833,0.643,0.956,0.836,0.97
0.002,0.825,0.881,0.215,0.168,0.833,0.037,0.301,0.55,0.155,0.605,0.84,0.511,0.776,0.577,0.14,0.492,0.637,0.869,0.507,0.541,0.953,0.917,0.629,0.706,0.959,0.476,0.199,0.47,0.313,0.883,0.199,0.027,0.198,0.751,0.388,0.476,0.875,0.09,0.657,0.837,0.352,0.01,0.884,0.102,0.674,0.475,0.107,0.11,0.36,0.753,0.908,0.023,0.324,0.305,0.836,0.113,0.932,0.27,0.227,0.504,0.24,0.67,0.524,0.38,0.685,0.308,0.525,0.176,0.789,0.672,0.907,0.485,0.181,0.316,0.658,0.469,0.787,0.066,0.982,0.371,0.926,0.422,0.046,0.05,0.714,0.239,0.718,0.239,0.315,0.542,0.744,0.579,0.575,0.114,0.316,0.908,0.586,0.56,0.215,0.617,0.451,0.528,0.529,0.656,0.332,0.611,0.059,0.177,0.551,0.144,0.801,0.706,0.88,0.069,0.772,0.977,0.574,0.619,0.684,0.702,0.772,0.456,0.871,0.61,0.144,0.139,0.099
0.211,0.628,0.918,0.823,0.188,0.46,0.065,0.061,0.343,0.591,0.514,0.251,0.804,0.971,0.651,0.895,0.001,0.037,0.497,0.754,0.54,0.212,0.766,0.637,0.14,0.852,0.445,0.166,0.096,0.041,0.986,0.905,0.468,0.294,0.678,0.318,0.573,0.588,0.986,0.789,0.771,0.255,0.45,0.483,0.117,0.254,0.104,0.467,0.214,0.277,0.682,0.54,0.521,0.319,0.505,0.751,0.106,0.18,0.91,0.041,0.798,0.506,0.236,0.645,0.468,0.432,0.596,0.023,0.094,0.424,0.406,0.358,0.688,0.662,0.429,0.765,0.51,0.09,0.679,0.525,0.024,0.418,0.76,0.579,0.33,0.116,0.123,0.175,0.137,0.745,0.624,0.489,0.196,0.045,0.559,0.866,0.649,0.432,0.638,0.48,0.211,0.41,0.595,0.357,0.756,0.054,0.475,0.28,0.497,0.599,0.904,0.931,0.535,0.653,0.774,0.152,0.244,0.051,0.968,0.063,0.214,0.051,0.522,0.979,0.833,0.129,0.695,0.206
0.802,0.29,0.967,0.549,0.037,0.432,0.859,0.203,0.508,0.293,0.407,0.992,0.828,0.045,0.362,0.829,0.12,0.694,0.195,0.13,0.603,0.749,0.082,0.501,0.279,0.207,0.602,0.362,0.56,0.589,0.221,0.006,0.187,0.363,0.968,0.156,0.57,0.423,0.798,0.795,0.414,0.704,0.847,0.807,0.764,0.226,0.602,0.76,0.742,0.523,0.319,0.612,0.616,0.748,0.793,0.122,0.649,0.216,0.229,0.76,0.053,0.71,0.212,0.799,0.868,0.805,0.664,0.861,0.743,0.6,0.51,0.366,0.27,0.988,0.982,0.971,0.843,0.045,0.425,0.588,0.733,0.903,0.894,0.249,0.959,0.724,0.156,0.423,0.643,0.807,0.951,0.838,0.31,0.278,0.172,0.572,0.941,0.219,0.024,0.967,0.362,0.703,0.349,0.533,0.107,0.388,0.466,0.407,0.162,0.457,0.824,0.707,0.321,0.557,0.594,0.773,0.999,0.611,0.855,0.041,0.009,0.968,0.605,0.936,0.037,0.588,0.438,0.954
0.324,0.823,0.132,0.709,0.64,0.382,0.94,0.922,0.379,0.536,0.025,0.166,0.684,0.747,0.997,0.904,0.08,0.971,0.864,0.634,0.807,0.053,0.761,0.595,0.45,0.91,0.341,0.344,0.3,0.617,0.648,0.183,0.415,0.888,0.069,0.679,0.759,0.992,0.927,0.201,0.882,0.468,0.794,0.187,0.048,0.199,0.223,0.884,0.275,0.225,0.582,0.089,0.126,0.173,0.122,0.818,0.938,0.951,0.008,0.459,0.127,0.472,0.496,0.388,0.524,0.086,0.99,0.165,0.373,0.163,0.513,0.43,0.658,0.822,0.999,0.391,0.837,0.762,0.278,0.927,0.939,0.222,0.206,0.88,0.864,0.552,0.988,0.961,0.473,0.777,0.142,0.958,0.686,0.938,0.194,0.384,0.473,0.384,0.418,0.402,0.498,0.026,0.19,0.394,0.406,0.852,0.63,0.552,0.406,0.243,0.008,0.945,0.182,0.92,0.616,0.974,0.753,0.941,0.657,0.691,0.418,0.616,0.888,0.119,0.712,0.671,0.721,0.258
0.675,0.021,0.355,0.755,0.006,0.556,0.3,0.971,0.237,0.703,0.981,0.222,0.663,0.736,0.673,0.222,0.953,0.807,0.31,0.988,0.491,0.756,0.287,0.228,0.89,0.058,0.125,0.478,0.546,0.15,0.7,0.796,0.234,0.242,0.234,0.831,0.577,0.8,0.878,0.91,0.054,0.113,0.252,0.72,0.555,0.855,0.763,0.292,0.963,0.809,0.274,0.755,0.336,0.663,0.636,0.059,0.147,0.746,0.947,0.404,0.573,0.054,0.495,0.156,0.996,0.012,0.245,0.575,0.239,0.542,0.958,0.778,0.968,0.5,0.077,0.269,0.956,0.775,0.433,0.431,0.853,0.866,0.98,0.56,0.095,0.698,0.477,0.161,0.3,0.964,0.677,0.427,0.59,0.153,0.447,0.236,0.97,0.827,0.833,0.857,0.219,0.059,0.95,0.27,0.547,0.458,0.696,0.563,0.948,0.185,0.916,0.194,0.349,0.754,0.414,0.224,0.145,0.069,0.402,0.646,0.873,0.852,0.178,0.365,0.197,0.803,0.796,0.633
0.935,0.017,0.634,0.539,0.064,0.707,0.274,0.956,0.492,0.717,0.975,0.895,0.218,0.148,0.294,0.972,0.163,0.21,0.154,0.703,0.682,0.628,0.519,0.325,0.541,0.051,0.329,0.855,0.383,0.531,0.372,0.016,0.487,0.202,0.568,0.856,0.7,0.962,0.403,0.649,0.905,0.437,0.274,0.999,0.218,0.621,0.162,0.215,0.871,0.321,0.683,0.658,0.706,0.649,0.72,0.46,0.346,0.561,0.15,0.413,0.858,0.979,0.697,0.261,0.204,0.38,0.742,0.856,0.422,0.321,0.901,0.511,0.589,0.034,0.717,0.525,0.741,0.004,0.793,0.91,0.663,0.591,0.785,0.992,0.31,0.575,0.644,0.876,0.67,0.984,0.7,0.85,0.351,0.94,0.496,0.503,0.395,0.262,0.61,0.083,0.993,0.789,0.697,0.467,0.119,0.865,0.147,0.674,0.569,0.491,0.301,0.588,0.693,0.626,0.807,0.283,0.639,0.81,0.706,0.771,0.576,0.39,0.155,0.182,0.263,0.322,0.821,0.426
0.451,0.234,0.201,0.98,0.877,0.717,0.196,0.974,0.876,0.06,0.004,0.386,0.163,0.745,0.345,0.635,0.493,0.225,0.646,0.355,0.564,0.485,0.533,0.261,0.912,0.151,0.384,0.579,0.542,0.41,0.904,0.895,0.755,0.003,0.921,0.177,0.958,0.79,0.392,0.499,0.683,0.656,0.071,0.719,0.656,0.557,0.672,0.989,0.609,0.075,0.751,0.035,0.47,0.902,0.535,0.001,0.287,0.58,0.499,0.631,0.576,0.439,0.341,0.429,0.233,0.896,0.177,0.962,0.638,0.839,0.724,0.111,0.848,0.152,0.603,0.708,0.358,0.391,0.458,0.145,0.995,0.698,0.117,0.553,0.223,0.143,0.767,0.033,0.032,0.085,0.945,0.578,0.503,0.972,0.525,0.37,0.58,0.288,0.596,0.008,0.785,0.369,0.655,0.811,0.668,0.446,0.17,0.497,0.285,0.816,0.967,0.357,0.664,0.157,0.467,0.481,0.718,0.138,0.963,0.708,0.33,0.196,0.445,0.569,0.599,0.085,0.04,0.462
0.567,0.078,0.298,0.605,0.334,0.432,0.373,0.867,0.899,0.663,0.252,0.18,0.978,0.233,0.02,0.077,0.618,0.86,0.366,0.619,0.665,0.468,0.519,0.827,0.566,0.447,0.523,0.623,0.654,0.882,0.417,0.163,0.496,0.548,0.647,0.402,0.889,0.439,0.241,0.116,0.172,0.473,0.142,0.551,0.406,0.443,0.977,0.568,0.194,0.807,0.044,0.779,0.904,0.567,0.253,0.112,0.179,0.17,0.316,0.779,0.116,0.412,0.249,0.61,0.405,0.331,0.503,0.56,0.01,0.75,0.611,0.965,0.4,0.996,0.559,0.402,0.408,0.499,0.749,0.641,0.473,0.077,0.34,0.587,0.402,0.176,0.189,0.358,0.927,0.836,0.089,0.307,0.769,0.514,0.654,0.131,0.48,0.754,0.317,0.097,0.291,0.832,0.974,0.203,0.724,0.82,0.589,0.501,0.828,0.669,0.616,0.989,0.242,0.341,0.147,0.76,0.536,0.568,0.387,0.538,0.793,0.049,0.55,0.6,0.69,0.75,0.204,0.391
0.562,0.374,0.125,0.558,0.093,0.727,0.492,0.362,0.659,0.091,0.798,0.216,0.557,0.881,0.471,0.878,0.04,0.785,0.646,0.126,0.531,0.671,0.98,0.398,0.498,0.272,0.694,0.326,0.17,0.15,0.421,0.774,0.827,0.003,0.899,0.59,0.125,0.976,0.735,0.069,0.481,0.696,0.24,0.841,0.769,0.698,0.703,0.318,0.192,0.279,0.316,0.128,0.188,0.101,0.454,0.793,0.299,0.444,0.275,0.306,0.777,0.98,0.431,0.723,0.72,0.363,0.415,0.151,0.631,0.382,0.945,0.14,0.233,0.243,0.745,0.959,0.485,0.543,0.628,0.941,0.342,0.283,0.743,0.802,0.352,0.38,0.859,0.047,0.871,0.442,0.05,0.974,0.183,0.449,0.912,0.907,0.641,0.3,0.638,0.515,0.009,0.023,0.976,0.402,0.949,0.477,0.04,0.258,0.144,0.44,0.773,0.468,0.93,0.579,0.127,0.756,0.282,0.682,0.128,0.325,0.919,0.653,0.774,0.059,0.422,0.265,0.554,0.852
0.632,0.827,0.733,0.164,0.909,0.955,0.184,0.268,0.549,0.146,0.649,0.73,0.816,0.444,0.569,0.165,0.724,0.412,0.892,0.197,0.758,0.298,0.295,0.317,0.14,0.651,0.742,0.983,0.229,0.839,0.02,0.825,0.617,0.289,0.352,0.638,0.844,0.766,0.025,0.714,0.58,0.852,0.245,0.154,0.46,0.129,0.205,0.269,0.496,0.877,0.229,0.58,0.301,0.964,0.225,0.022,0.934,0.722,0.96,0.582,0.887,0.794,0.877,0.368,0.056,0.754,0.005,0.098,0.706,0.607,0.527,0.488,0.801,0.959,0.19,0.28,0.809,0.226,0.932,0.371,0.674,0.437,0.021,0.217,0.767,0.702,0.501,0.622,0.541,0.69,0.85,0.563,0.147,0.643,0.103,0.7,0.481,0.925,0.214,0.184,0.678,0.037,0.319,0.943,0.149,0.602,0.408,0.818,0.967,0.366,0.104,0.19,0.69,0.708,0.056,0.856,0.701,0.985,0.086,0.368,0.444,0.335,0.259,0.269,0.279,0.808,0.021,0.702
0.173,0.726,0.559,0.234,0.56,0.756,0.764,0.143,0.144,0.111,0.537,0.114,0.933,0.454,0.111,0.297,0.111,0.746,0.363,0.281,0.434,0.762,0.475,0.448,0.58,0.4,0.599,0.912,0.837,0.189,0.878,0.211,0.765,0.746,0.46,0.97,0.552,0.763,0.224,0.547,0.851,0.003,0.376,0.912,0.949,0.647,0.013,0.923,0.886,0.623,0.23,0.945,0.767,0.299,0.244,0.902,0.539,0.691,0.693,0.484,0.862,0.34,0.579,0.773,0.961,0.305,0.098,0.245,0.587,0.329,0.292,0.281,0.609,0.997,0.279,0.762,0.215,0.693,0.022,0.363,0.435,0.857,0.036,0.131,0.281,0.799,0.271,0.091,0.922,0.558,0.973,0.158,0.018,0.821,0.779,0.302,0.193,0.533,0.077,0.553,0.5,0.877,0.227,0.773,0.123,0.598,0.089,0.924,0.305,0.996,0.044,0.324,0.796,0.908,0.476,0.886,0.883,0.498,0.406,0.479,0.233,0.948,0.637,0.643,0.35,0.511,0.139,0.288
0.277,0.455,0.13,0.015,0.053,0.373,0.47,0.659,0.294,0.189,0.713,0.184,0.095,0.88,0.169,0.145,0.566,0.086,0.992,0.213,0.595,0.98,0.113,0.318,0.87,0.785,0.257,0.643,0.546,0.107,0.742,0.748,0.675,0.705,0.32,0.939,0.135,0.999,0.265,0.628,0.252,0.637,0.492,0.121,0.398,0.95,0.273,0.451,0.636,0.561,0.174,0.328,0.882,0.892,0.948,0.712,0.585,0.478,0.69,0.355,0.813,0.994,0.607,0.386,0.752,0.475,0.795,0.707,0.197,0.963,0.524,0.097,0.257,0.35,0.244,0.692,0.964,0.184,0.423,0.1,0.859,0.206,0.09,0.716,0.88,0.92,0.561,0.293,0.581,0.497,0.534,0.329,0.264,0.622,0.728,0.424,0.749,0.232,0.32,0.764,0.874,0.358,0.359,0.878,0.065,0.367,0.249,0.87,0.014,0.369,0.145,0.63,0.02,0.762,0.637,0.145,0.232,0.665,0.055,0.524,0.237,0.406,0.517,0.215,0.342,0.65,0.926,0.022
0.265,0.63,0.642,0.683,0.949,0.48,0.362,0.195,0.652,0.999,0.392,0.381,0.296,0.665,0.27,0.711,0.284,0.43,0.684,0.585,0.713,0.203,0.03,0.443,0.766,0.646,0.919,0.044,0.991,0.593,0.839,0.546,0.038,0.635,0.024,0.515,0.52,0.152,0.892,0.825,0.304,0.144,0.514,0.629,0.319,0.191,0.581,0.711,0.132,0.667,0.322,0.685,0.271,0.518,0.442,0.678,0.926,0.739,0.609,0.343,0.052,0.92,0.613,0.112,0.367,0.293,0.113,0.981,0.413,0.993,0.754,0.308,0.391,0.053,0.327,0.266,0.93,0.393,0.299,0.731,0.541,0.54,0.738,0.676,0.087,0.634,0.388,0.542,0.109,0.705,0.271,0.819,0.486,0.499,0.464,0.744,0.288,0.64,0.73,0.664,0.474,0.583,0.317,0.458,0.3,0.649,0.376,0.289,0.621,0.183,0.566,0.044,0.879,0.453,0.491,0.573,0.514,0.214,0.703,0.297,0.577,0.807,0.489,0.746,0.7,0.149,0.08,0.102
